respondent_id,segment_id,segment_name,variant_id,variant_name,latent_profile,q09_democracy_problem,q11_personal_impression,q12_public_impression,q13_unfair_advantage,q14_democratic_expression,q15a_corruption,q15b_effectiveness,q15c_resources
sample_zh_teds2018_se01_reform_youth___base___0000,reform_youth,改革導向青年選民,,base,skeptical,宗教團體對政治的影響力太大,不好,好,非常同意,有點同意,具有政治家庭背景的人,不具有政治家庭背景的人,不具有政治家庭背景的人
sample_zh_teds2018_se01_reform_youth___base___0001,reform_youth,改革導向青年選民,,base,mainstream,有太多政二代,沒差,不好,有點不同意,有點不同意,具有政治家庭背景的人,不具有政治家庭背景的人,不具有政治家庭背景的人
sample_zh_teds2018_se01_reform_youth___base___0002,reform_youth,改革導向青年選民,,base,skeptical,政黨對立太嚴重,沒差,不好,非常不同意,有點不同意,具有政治家庭背景的人,不具有政治家庭背景的人,不具有政治家庭背景的人
sample_zh_teds2018_se01_reform_youth___base___0003,reform_youth,改革導向青年選民,,base,skeptical,有太多政二代,不好,不好,非常不同意,非常不同意,具有政治家庭背景的人,不具有政治家庭背景的人,不具有政治家庭背景的人
sample_zh_teds2018_se01_reform_youth___base___0004,reform_youth,改革導向青年選民,,base,mainstream,宗教團體對政治的影響力太大,沒差,不好,有點不同意,有點同意,具有政治家庭背景的人,具有政治家庭背景的人,具有政治家庭背景的人
sample_zh_teds2018_se01_reform_youth___base___0005,reform_youth,改革導向青年選民,,base,skeptical,貪腐問題,沒差,不好,有點同意,非常不同意,具有政治家庭背景的人,不具有政治家庭背景的人,不具有政治家庭背景的人
sample_zh_teds2018_se01_reform_youth___base___0006,reform_youth,改革導向青年選民,,base,mainstream,有太多政二代,不好,不好,有點不同意,非常不同意,具有政治家庭背景的人,具有政治家庭背景的人,不具有政治家庭背景的人
sample_zh_teds2018_se01_reform_youth___base___0007,reform_youth,改革導向青年選民,,base,skeptical,政治人物不太關心一般民眾的需求,不好,好,有點同意,有點同意,具有政治家庭背景的人,不具有政治家庭背景的人,不具有政治家庭背景的人
sample_zh_teds2018_se01_reform_youth___base___0008,reform_youth,改革導向青年選民,,base,skeptical,街頭抗議太多,好,不好,有點不同意,非常不同意,具有政治家庭背景的人,不具有政治家庭背景的人,不具有政治家庭背景的人
sample_zh_teds2018_se01_reform_youth___base___0009,reform_youth,改革導向青年選民,,base,mainstream,有太多政二代,不好,不好,非常不同意,非常不同意,不具有政治家庭背景的人,不具有政治家庭背景的人,不具有政治家庭背景的人
sample_zh_teds2018_se01_reform_youth___base___0010,reform_youth,改革導向青年選民,,base,promoter,貪腐問題,沒差,不好,有點不同意,非常不同意,不具有政治家庭背景的人,具有政治家庭背景的人,具有政治家庭背景的人
sample_zh_teds2018_se01_reform_youth___base___0011,reform_youth,改革導向青年選民,,base,promoter,政治人物不太關心一般民眾的需求,沒差,沒差,非常同意,非常不同意,不具有政治家庭背景的人,不具有政治家庭背景的人,不具有政治家庭背景的人
sample_zh_teds2018_se01_reform_youth___base___0012,reform_youth,改革導向青年選民,,base,promoter,政治人物不太關心一般民眾的需求,不好,不好,有點不同意,非常不同意,不具有政治家庭背景的人,具有政治家庭背景的人,不具有政治家庭背景的人
sample_zh_teds2018_se01_reform_youth___base___0013,reform_youth,改革導向青年選民,,base,mainstream,有太多政二代,好,沒差,有點同意,有點同意,具有政治家庭背景的人,不具有政治家庭背景的人,不具有政治家庭背景的人
sample_zh_teds2018_se01_reform_youth___base___0014,reform_youth,改革導向青年選民,,base,skeptical,有太多政二代,不好,好,有點不同意,有點不同意,具有政治家庭背景的人,不具有政治家庭背景的人,不具有政治家庭背景的人
sample_zh_teds2018_se01_reform_youth___base___0015,reform_youth,改革導向青年選民,,base,promoter,政治人物不太關心一般民眾的需求,沒差,不好,有點同意,有點同意,不具有政治家庭背景的人,具有政治家庭背景的人,不具有政治家庭背景的人
sample_zh_teds2018_se01_reform_youth___base___0016,reform_youth,改革導向青年選民,,base,promoter,有太多政二代,不好,沒差,非常同意,非常不同意,不具有政治家庭背景的人,具有政治家庭背景的人,不具有政治家庭背景的人
sample_zh_teds2018_se01_reform_youth___base___0017,reform_youth,改革導向青年選民,,base,promoter,政治人物不太關心一般民眾的需求,好,不好,非常同意,有點同意,不具有政治家庭背景的人,不具有政治家庭背景的人,不具有政治家庭背景的人
sample_zh_teds2018_se01_reform_youth___base___0018,reform_youth,改革導向青年選民,,base,mainstream,貪腐問題,不好,不好,非常不同意,有點同意,具有政治家庭背景的人,不具有政治家庭背景的人,具有政治家庭背景的人
sample_zh_teds2018_se01_reform_youth___base___0019,reform_youth,改革導向青年選民,,base,promoter,政治人物不太關心一般民眾的需求,不好,沒差,非常同意,非常不同意,具有政治家庭背景的人,不具有政治家庭背景的人,不具有政治家庭背景的人
sample_zh_teds2018_se01_reform_youth___base___0020,reform_youth,改革導向青年選民,,base,mainstream,街頭抗議太多,不好,好,有點同意,非常不同意,具有政治家庭背景的人,不具有政治家庭背景的人,不具有政治家庭背景的人
sample_zh_teds2018_se01_reform_youth___base___0021,reform_youth,改革導向青年選民,,base,promoter,貪腐問題,沒差,好,有點不同意,有點同意,具有政治家庭背景的人,具有政治家庭背景的人,具有政治家庭背景的人
sample_zh_teds2018_se01_reform_youth___base___0022,reform_youth,改革導向青年選民,,base,skeptical,有太多政二代,沒差,好,有點同意,有點同意,具有政治家庭背景的人,具有政治家庭背景的人,不具有政治家庭背景的人
sample_zh_teds2018_se01_reform_youth___base___0023,reform_youth,改革導向青年選民,,base,skeptical,政黨對立太嚴重,沒差,不好,非常同意,非常不同意,具有政治家庭背景的人,不具有政治家庭背景的人,不具有政治家庭背景的人
sample_zh_teds2018_se01_reform_youth___base___0024,reform_youth,改革導向青年選民,,base,promoter,有太多政二代,沒差,沒差,有點同意,非常不同意,具有政治家庭背景的人,不具有政治家庭背景的人,不具有政治家庭背景的人
sample_zh_teds2018_se01_reform_youth___base___0025,reform_youth,改革導向青年選民,,base,mainstream,新聞政治報導不公正,沒差,沒差,非常不同意,非常不同意,具有政治家庭背景的人,具有政治家庭背景的人,不具有政治家庭背景的人
sample_zh_teds2018_se01_reform_youth___base___0026,reform_youth,改革導向青年選民,,base,promoter,政黨對立太嚴重,不好,不好,有點不同意,非常不同意,具有政治家庭背景的人,具有政治家庭背景的人,具有政治家庭背景的人
sample_zh_teds2018_se01_reform_youth___base___0027,reform_youth,改革導向青年選民,,base,promoter,有太多政二代,不好,不好,有點同意,有點同意,不具有政治家庭背景的人,具有政治家庭背景的人,具有政治家庭背景的人
sample_zh_teds2018_se01_reform_youth___base___0028,reform_youth,改革導向青年選民,,base,promoter,有太多政二代,不好,好,有點同意,有點不同意,具有政治家庭背景的人,不具有政治家庭背景的人,具有政治家庭背景的人
sample_zh_teds2018_se01_reform_youth___base___0029,reform_youth,改革導向青年選民,,base,skeptical,宗教團體對政治的影響力太大,沒差,沒差,有點同意,有點同意,具有政治家庭背景的人,不具有政治家庭背景的人,不具有政治家庭背景的人
sample_zh_teds2018_se01_reform_youth___base___0030,reform_youth,改革導向青年選民,,base,mainstream,宗教團體對政治的影響力太大,不好,不好,有點同意,非常不同意,具有政治家庭背景的人,不具有政治家庭背景的人,不具有政治家庭背景的人
sample_zh_teds2018_se01_reform_youth___base___0031,reform_youth,改革導向青年選民,,base,promoter,有太多政二代,不好,不好,有點同意,非常不同意,不具有政治家庭背景的人,不具有政治家庭背景的人,不具有政治家庭背景的人
sample_zh_teds2018_se01_reform_youth___base___0032,reform_youth,改革導向青年選民,,base,promoter,宗教團體對政治的影響力太大,沒差,沒差,有點同意,有點不同意,具有政治家庭背景的人,不具有政治家庭背景的人,具有政治家庭背景的人
sample_zh_teds2018_se01_reform_youth___base___0033,reform_youth,改革導向青年選民,,base,skeptical,有太多政二代,好,不好,非常不同意,非常同意,具有政治家庭背景的人,不具有政治家庭背景的人,不具有政治家庭背景的人
sample_zh_teds2018_se01_reform_youth___base___0034,reform_youth,改革導向青年選民,,base,mainstream,貪腐問題,沒差,不好,有點同意,非常不同意,具有政治家庭背景的人,具有政治家庭背景的人,不具有政治家庭背景的人
sample_zh_teds2018_se01_reform_youth___base___0035,reform_youth,改革導向青年選民,,base,mainstream,有太多政二代,沒差,沒差,有點同意,有點同意,不具有政治家庭背景的人,具有政治家庭背景的人,具有政治家庭背景的人
sample_zh_teds2018_se01_reform_youth___base___0036,reform_youth,改革導向青年選民,,base,promoter,有太多政二代,沒差,沒差,有點同意,有點同意,不具有政治家庭背景的人,具有政治家庭背景的人,具有政治家庭背景的人
sample_zh_teds2018_se01_reform_youth___base___0037,reform_youth,改革導向青年選民,,base,promoter,政治人物不太關心一般民眾的需求,沒差,不好,有點同意,有點不同意,不具有政治家庭背景的人,不具有政治家庭背景的人,不具有政治家庭背景的人
sample_zh_teds2018_se01_reform_youth___base___0038,reform_youth,改革導向青年選民,,base,mainstream,政黨對立太嚴重,沒差,沒差,非常不同意,有點同意,具有政治家庭背景的人,具有政治家庭背景的人,不具有政治家庭背景的人
sample_zh_teds2018_se01_reform_youth___base___0039,reform_youth,改革導向青年選民,,base,skeptical,有太多政二代,沒差,好,有點不同意,有點不同意,具有政治家庭背景的人,不具有政治家庭背景的人,不具有政治家庭背景的人
sample_zh_teds2018_se01_reform_youth___base___0040,reform_youth,改革導向青年選民,,base,promoter,政黨對立太嚴重,不好,沒差,非常不同意,非常同意,不具有政治家庭背景的人,不具有政治家庭背景的人,具有政治家庭背景的人
sample_zh_teds2018_se01_reform_youth___base___0041,reform_youth,改革導向青年選民,,base,skeptical,新聞政治報導不公正,好,不好,非常不同意,非常同意,具有政治家庭背景的人,具有政治家庭背景的人,具有政治家庭背景的人
sample_zh_teds2018_se01_reform_youth___base___0042,reform_youth,改革導向青年選民,,base,promoter,貪腐問題,不好,沒差,非常不同意,有點同意,不具有政治家庭背景的人,不具有政治家庭背景的人,不具有政治家庭背景的人
sample_zh_teds2018_se01_reform_youth___base___0043,reform_youth,改革導向青年選民,,base,skeptical,政治人物不太關心一般民眾的需求,不好,不好,有點同意,有點同意,具有政治家庭背景的人,不具有政治家庭背景的人,不具有政治家庭背景的人
sample_zh_teds2018_se01_reform_youth___base___0044,reform_youth,改革導向青年選民,,base,promoter,政黨對立太嚴重,沒差,好,有點同意,非常不同意,不具有政治家庭背景的人,不具有政治家庭背景的人,具有政治家庭背景的人
sample_zh_teds2018_se01_reform_youth___base___0045,reform_youth,改革導向青年選民,,base,promoter,政黨對立太嚴重,不好,沒差,有點同意,有點不同意,具有政治家庭背景的人,不具有政治家庭背景的人,具有政治家庭背景的人
sample_zh_teds2018_se01_reform_youth___base___0046,reform_youth,改革導向青年選民,,base,mainstream,有太多政二代,沒差,好,有點同意,有點不同意,具有政治家庭背景的人,具有政治家庭背景的人,具有政治家庭背景的人
sample_zh_teds2018_se01_reform_youth___base___0047,reform_youth,改革導向青年選民,,base,promoter,有太多政二代,沒差,沒差,有點同意,非常不同意,具有政治家庭背景的人,不具有政治家庭背景的人,具有政治家庭背景的人
sample_zh_teds2018_se01_reform_youth___base___0048,reform_youth,改革導向青年選民,,base,promoter,有太多政二代,不好,不好,有點同意,有點不同意,不具有政治家庭背景的人,不具有政治家庭背景的人,具有政治家庭背景的人
sample_zh_teds2018_se01_reform_youth___base___0049,reform_youth,改革導向青年選民,,base,skeptical,有太多政二代,不好,不好,有點同意,有點同意,不具有政治家庭背景的人,不具有政治家庭背景的人,不具有政治家庭背景的人
sample_zh_teds2018_se01_reform_youth___base___0050,reform_youth,改革導向青年選民,,base,mainstream,有太多政二代,沒差,不好,非常不同意,非常不同意,不具有政治家庭背景的人,具有政治家庭背景的人,具有政治家庭背景的人
sample_zh_teds2018_se01_reform_youth___base___0051,reform_youth,改革導向青年選民,,base,promoter,有太多政二代,沒差,好,非常同意,有點同意,具有政治家庭背景的人,具有政治家庭背景的人,不具有政治家庭背景的人
sample_zh_teds2018_se01_reform_youth___base___0052,reform_youth,改革導向青年選民,,base,promoter,政黨對立太嚴重,沒差,沒差,有點不同意,有點同意,不具有政治家庭背景的人,不具有政治家庭背景的人,不具有政治家庭背景的人
sample_zh_teds2018_se01_reform_youth___base___0053,reform_youth,改革導向青年選民,,base,promoter,有太多政二代,不好,不好,非常同意,非常同意,不具有政治家庭背景的人,不具有政治家庭背景的人,不具有政治家庭背景的人
sample_zh_teds2018_se01_reform_youth___base___0054,reform_youth,改革導向青年選民,,base,promoter,有太多政二代,不好,沒差,有點同意,有點不同意,具有政治家庭背景的人,具有政治家庭背景的人,不具有政治家庭背景的人
sample_zh_teds2018_se01_reform_youth___base___0055,reform_youth,改革導向青年選民,,base,promoter,有太多政二代,不好,不好,有點同意,非常不同意,具有政治家庭背景的人,不具有政治家庭背景的人,不具有政治家庭背景的人
sample_zh_teds2018_se01_reform_youth___base___0056,reform_youth,改革導向青年選民,,base,skeptical,貪腐問題,好,不好,有點同意,有點不同意,具有政治家庭背景的人,不具有政治家庭背景的人,不具有政治家庭背景的人
sample_zh_teds2018_se01_reform_youth___base___0057,reform_youth,改革導向青年選民,,base,skeptical,政黨對立太嚴重,不好,沒差,有點不同意,有點不同意,具有政治家庭背景的人,具有政治家庭背景的人,不具有政治家庭背景的人
sample_zh_teds2018_se01_reform_youth___base___0058,reform_youth,改革導向青年選民,,base,skeptical,政治人物不太關心一般民眾的需求,不好,好,非常不同意,非常同意,具有政治家庭背景的人,不具有政治家庭背景的人,不具有政治家庭背景的人
sample_zh_teds2018_se01_reform_youth___base___0059,reform_youth,改革導向青年選民,,base,promoter,貪腐問題,沒差,沒差,有點同意,有點不同意,不具有政治家庭背景的人,不具有政治家庭背景的人,不具有政治家庭背景的人
sample_zh_teds2018_se01_reform_youth___base___0060,reform_youth,改革導向青年選民,,base,skeptical,政黨對立太嚴重,好,不好,有點不同意,有點同意,具有政治家庭背景的人,不具有政治家庭背景的人,不具有政治家庭背景的人
sample_zh_teds2018_se01_reform_youth___base___0061,reform_youth,改革導向青年選民,,base,promoter,貪腐問題,不好,不好,非常不同意,有點同意,不具有政治家庭背景的人,不具有政治家庭背景的人,具有政治家庭背景的人
sample_zh_teds2018_se01_reform_youth___base___0062,reform_youth,改革導向青年選民,,base,skeptical,貪腐問題,好,不好,有點同意,非常同意,具有政治家庭背景的人,具有政治家庭背景的人,不具有政治家庭背景的人
sample_zh_teds2018_se01_reform_youth___base___0063,reform_youth,改革導向青年選民,,base,promoter,有太多政二代,沒差,沒差,非常同意,有點同意,不具有政治家庭背景的人,具有政治家庭背景的人,具有政治家庭背景的人
sample_zh_teds2018_se01_reform_youth___base___0064,reform_youth,改革導向青年選民,,base,skeptical,街頭抗議太多,不好,不好,非常不同意,有點不同意,不具有政治家庭背景的人,不具有政治家庭背景的人,不具有政治家庭背景的人
sample_zh_teds2018_se01_reform_youth___base___0065,reform_youth,改革導向青年選民,,base,skeptical,宗教團體對政治的影響力太大,不好,不好,有點不同意,非常不同意,不具有政治家庭背景的人,不具有政治家庭背景的人,具有政治家庭背景的人
sample_zh_teds2018_se01_reform_youth___base___0066,reform_youth,改革導向青年選民,,base,promoter,貪腐問題,沒差,不好,有點同意,非常不同意,具有政治家庭背景的人,不具有政治家庭背景的人,不具有政治家庭背景的人
sample_zh_teds2018_se01_reform_youth___base___0067,reform_youth,改革導向青年選民,,base,mainstream,政黨對立太嚴重,不好,好,有點不同意,非常不同意,具有政治家庭背景的人,具有政治家庭背景的人,不具有政治家庭背景的人
sample_zh_teds2018_se01_reform_youth___base___0068,reform_youth,改革導向青年選民,,base,skeptical,有太多政二代,沒差,不好,有點同意,非常不同意,不具有政治家庭背景的人,不具有政治家庭背景的人,不具有政治家庭背景的人
sample_zh_teds2018_se01_reform_youth___base___0069,reform_youth,改革導向青年選民,,base,skeptical,貪腐問題,不好,不好,有點不同意,非常不同意,具有政治家庭背景的人,不具有政治家庭背景的人,不具有政治家庭背景的人
sample_zh_teds2018_se01_reform_youth___base___0070,reform_youth,改革導向青年選民,,base,promoter,貪腐問題,沒差,不好,有點同意,非常同意,不具有政治家庭背景的人,不具有政治家庭背景的人,不具有政治家庭背景的人
sample_zh_teds2018_se01_reform_youth___base___0071,reform_youth,改革導向青年選民,,base,skeptical,有太多政二代,好,不好,非常同意,有點不同意,具有政治家庭背景的人,具有政治家庭背景的人,不具有政治家庭背景的人
sample_zh_teds2018_se01_reform_youth___base___0072,reform_youth,改革導向青年選民,,base,promoter,新聞政治報導不公正,好,不好,有點同意,非常不同意,具有政治家庭背景的人,具有政治家庭背景的人,具有政治家庭背景的人
sample_zh_teds2018_se01_reform_youth___base___0073,reform_youth,改革導向青年選民,,base,promoter,新聞政治報導不公正,不好,不好,有點同意,非常不同意,具有政治家庭背景的人,不具有政治家庭背景的人,具有政治家庭背景的人
sample_zh_teds2018_se01_reform_youth___base___0074,reform_youth,改革導向青年選民,,base,mainstream,有太多政二代,不好,沒差,非常同意,非常不同意,具有政治家庭背景的人,不具有政治家庭背景的人,不具有政治家庭背景的人
sample_zh_teds2018_se01_reform_youth___base___0075,reform_youth,改革導向青年選民,,base,skeptical,有太多政二代,沒差,好,有點同意,有點同意,具有政治家庭背景的人,具有政治家庭背景的人,具有政治家庭背景的人
sample_zh_teds2018_se01_reform_youth___base___0076,reform_youth,改革導向青年選民,,base,skeptical,新聞政治報導不公正,好,好,有點同意,非常不同意,具有政治家庭背景的人,不具有政治家庭背景的人,不具有政治家庭背景的人
sample_zh_teds2018_se01_reform_youth___base___0077,reform_youth,改革導向青年選民,,base,promoter,有太多政二代,不好,沒差,非常同意,非常不同意,不具有政治家庭背景的人,具有政治家庭背景的人,具有政治家庭背景的人
sample_zh_teds2018_se01_reform_youth___base___0078,reform_youth,改革導向青年選民,,base,skeptical,貪腐問題,不好,沒差,有點同意,非常不同意,具有政治家庭背景的人,不具有政治家庭背景的人,具有政治家庭背景的人
sample_zh_teds2018_se01_reform_youth___base___0079,reform_youth,改革導向青年選民,,base,promoter,街頭抗議太多,不好,沒差,有點同意,有點同意,具有政治家庭背景的人,不具有政治家庭背景的人,不具有政治家庭背景的人
sample_zh_teds2018_se01_reform_youth___base___0080,reform_youth,改革導向青年選民,,base,promoter,貪腐問題,不好,不好,非常同意,非常不同意,具有政治家庭背景的人,不具有政治家庭背景的人,不具有政治家庭背景的人
sample_zh_teds2018_se01_reform_youth___base___0081,reform_youth,改革導向青年選民,,base,promoter,政黨對立太嚴重,不好,沒差,有點不同意,非常不同意,不具有政治家庭背景的人,具有政治家庭背景的人,不具有政治家庭背景的人
sample_zh_teds2018_se01_reform_youth___base___0082,reform_youth,改革導向青年選民,,base,skeptical,有太多政二代,好,沒差,有點不同意,有點同意,具有政治家庭背景的人,不具有政治家庭背景的人,不具有政治家庭背景的人
sample_zh_teds2018_se01_reform_youth___base___0083,reform_youth,改革導向青年選民,,base,skeptical,貪腐問題,沒差,不好,有點同意,非常不同意,具有政治家庭背景的人,不具有政治家庭背景的人,不具有政治家庭背景的人
sample_zh_teds2018_se01_reform_youth___base___0084,reform_youth,改革導向青年選民,,base,promoter,有太多政二代,沒差,不好,非常同意,非常不同意,具有政治家庭背景的人,不具有政治家庭背景的人,不具有政治家庭背景的人
sample_zh_teds2018_se01_reform_youth___base___0085,reform_youth,改革導向青年選民,,base,promoter,貪腐問題,沒差,不好,有點同意,有點同意,不具有政治家庭背景的人,不具有政治家庭背景的人,不具有政治家庭背景的人
sample_zh_teds2018_se01_reform_youth___base___0086,reform_youth,改革導向青年選民,,base,promoter,政黨對立太嚴重,沒差,好,有點不同意,有點同意,具有政治家庭背景的人,不具有政治家庭背景的人,具有政治家庭背景的人
sample_zh_teds2018_se01_reform_youth___base___0087,reform_youth,改革導向青年選民,,base,skeptical,有太多政二代,不好,不好,有點同意,有點不同意,具有政治家庭背景的人,不具有政治家庭背景的人,不具有政治家庭背景的人
sample_zh_teds2018_se01_reform_youth___base___0088,reform_youth,改革導向青年選民,,base,promoter,有太多政二代,不好,不好,非常同意,非常不同意,不具有政治家庭背景的人,具有政治家庭背景的人,具有政治家庭背景的人
sample_zh_teds2018_se01_reform_youth___base___0089,reform_youth,改革導向青年選民,,base,skeptical,有太多政二代,好,好,有點同意,有點不同意,具有政治家庭背景的人,具有政治家庭背景的人,不具有政治家庭背景的人
sample_zh_teds2018_se01_reform_youth___base___0090,reform_youth,改革導向青年選民,,base,skeptical,有太多政二代,好,好,有點不同意,有點同意,不具有政治家庭背景的人,不具有政治家庭背景的人,不具有政治家庭背景的人
sample_zh_teds2018_se01_reform_youth___base___0091,reform_youth,改革導向青年選民,,base,skeptical,政治人物不太關心一般民眾的需求,好,好,有點同意,非常不同意,具有政治家庭背景的人,不具有政治家庭背景的人,不具有政治家庭背景的人
sample_zh_teds2018_se01_reform_youth___base___0092,reform_youth,改革導向青年選民,,base,promoter,政治人物不太關心一般民眾的需求,沒差,不好,非常同意,非常不同意,具有政治家庭背景的人,具有政治家庭背景的人,不具有政治家庭背景的人
sample_zh_teds2018_se01_reform_youth___base___0093,reform_youth,改革導向青年選民,,base,skeptical,政黨對立太嚴重,好,沒差,非常不同意,非常不同意,不具有政治家庭背景的人,不具有政治家庭背景的人,不具有政治家庭背景的人
sample_zh_teds2018_se01_reform_youth___base___0094,reform_youth,改革導向青年選民,,base,mainstream,貪腐問題,沒差,沒差,有點不同意,有點不同意,具有政治家庭背景的人,不具有政治家庭背景的人,具有政治家庭背景的人
sample_zh_teds2018_se01_reform_youth___base___0095,reform_youth,改革導向青年選民,,base,skeptical,貪腐問題,不好,不好,有點同意,有點不同意,具有政治家庭背景的人,不具有政治家庭背景的人,具有政治家庭背景的人
sample_zh_teds2018_se01_reform_youth___base___0096,reform_youth,改革導向青年選民,,base,skeptical,政黨對立太嚴重,好,不好,有點不同意,非常不同意,具有政治家庭背景的人,具有政治家庭背景的人,不具有政治家庭背景的人
sample_zh_teds2018_se01_reform_youth___base___0097,reform_youth,改革導向青年選民,,base,promoter,有太多政二代,不好,不好,有點不同意,非常同意,不具有政治家庭背景的人,不具有政治家庭背景的人,具有政治家庭背景的人
sample_zh_teds2018_se01_reform_youth___base___0098,reform_youth,改革導向青年選民,,base,promoter,有太多政二代,好,不好,非常同意,有點不同意,不具有政治家庭背景的人,不具有政治家庭背景的人,具有政治家庭背景的人
sample_zh_teds2018_se01_reform_youth___base___0099,reform_youth,改革導向青年選民,,base,skeptical,有太多政二代,好,沒差,有點不同意,非常不同意,具有政治家庭背景的人,不具有政治家庭背景的人,不具有政治家庭背景的人
sample_zh_teds2018_se01_reform_youth___base___0100,reform_youth,改革導向青年選民,,base,skeptical,政黨對立太嚴重,不好,不好,有點不同意,有點同意,具有政治家庭背景的人,不具有政治家庭背景的人,不具有政治家庭背景的人
sample_zh_teds2018_se01_reform_youth___base___0101,reform_youth,改革導向青年選民,,base,promoter,有太多政二代,沒差,好,有點同意,有點同意,不具有政治家庭背景的人,不具有政治家庭背景的人,具有政治家庭背景的人
sample_zh_teds2018_se01_reform_youth___base___0102,reform_youth,改革導向青年選民,,base,skeptical,政黨對立太嚴重,不好,不好,有點不同意,有點不同意,具有政治家庭背景的人,不具有政治家庭背景的人,不具有政治家庭背景的人
sample_zh_teds2018_se01_reform_youth___base___0103,reform_youth,改革導向青年選民,,base,mainstream,有太多政二代,不好,不好,非常不同意,非常不同意,具有政治家庭背景的人,不具有政治家庭背景的人,不具有政治家庭背景的人
sample_zh_teds2018_se01_reform_youth___base___0104,reform_youth,改革導向青年選民,,base,promoter,新聞政治報導不公正,沒差,沒差,有點不同意,有點不同意,具有政治家庭背景的人,具有政治家庭背景的人,具有政治家庭背景的人
sample_zh_teds2018_se01_reform_youth___base___0105,reform_youth,改革導向青年選民,,base,promoter,政黨對立太嚴重,不好,不好,非常同意,非常同意,不具有政治家庭背景的人,具有政治家庭背景的人,不具有政治家庭背景的人
sample_zh_teds2018_se01_reform_youth___base___0106,reform_youth,改革導向青年選民,,base,promoter,有太多政二代,沒差,好,有點同意,有點同意,不具有政治家庭背景的人,具有政治家庭背景的人,不具有政治家庭背景的人
sample_zh_teds2018_se01_reform_youth___base___0107,reform_youth,改革導向青年選民,,base,skeptical,有太多政二代,不好,不好,有點不同意,非常不同意,不具有政治家庭背景的人,不具有政治家庭背景的人,不具有政治家庭背景的人
sample_zh_teds2018_se01_reform_youth___base___0108,reform_youth,改革導向青年選民,,base,skeptical,貪腐問題,不好,不好,有點不同意,非常不同意,具有政治家庭背景的人,不具有政治家庭背景的人,不具有政治家庭背景的人
sample_zh_teds2018_se01_reform_youth___base___0109,reform_youth,改革導向青年選民,,base,mainstream,新聞政治報導不公正,沒差,沒差,有點不同意,非常不同意,具有政治家庭背景的人,不具有政治家庭背景的人,不具有政治家庭背景的人
sample_zh_teds2018_se01_reform_youth___base___0110,reform_youth,改革導向青年選民,,base,promoter,政治人物不太關心一般民眾的需求,不好,沒差,有點不同意,非常不同意,具有政治家庭背景的人,不具有政治家庭背景的人,不具有政治家庭背景的人
sample_zh_teds2018_se01_reform_youth___base___0111,reform_youth,改革導向青年選民,,base,skeptical,政治人物不太關心一般民眾的需求,沒差,好,非常同意,有點同意,具有政治家庭背景的人,不具有政治家庭背景的人,具有政治家庭背景的人
sample_zh_teds2018_se01_reform_youth___base___0112,reform_youth,改革導向青年選民,,base,mainstream,有太多政二代,不好,不好,非常同意,非常同意,具有政治家庭背景的人,具有政治家庭背景的人,不具有政治家庭背景的人
sample_zh_teds2018_se01_reform_youth___base___0113,reform_youth,改革導向青年選民,,base,skeptical,有太多政二代,不好,好,有點同意,有點不同意,具有政治家庭背景的人,不具有政治家庭背景的人,不具有政治家庭背景的人
sample_zh_teds2018_se01_reform_youth___base___0114,reform_youth,改革導向青年選民,,base,mainstream,貪腐問題,沒差,不好,非常同意,非常不同意,不具有政治家庭背景的人,具有政治家庭背景的人,具有政治家庭背景的人
sample_zh_teds2018_se01_reform_youth___base___0115,reform_youth,改革導向青年選民,,base,mainstream,政治人物不太關心一般民眾的需求,好,不好,非常同意,非常不同意,具有政治家庭背景的人,不具有政治家庭背景的人,具有政治家庭背景的人
sample_zh_teds2018_se01_reform_youth___base___0116,reform_youth,改革導向青年選民,,base,promoter,貪腐問題,不好,沒差,非常不同意,有點不同意,不具有政治家庭背景的人,具有政治家庭背景的人,不具有政治家庭背景的人
sample_zh_teds2018_se01_reform_youth___base___0117,reform_youth,改革導向青年選民,,base,mainstream,有太多政二代,不好,不好,有點不同意,有點同意,具有政治家庭背景的人,具有政治家庭背景的人,具有政治家庭背景的人
sample_zh_teds2018_se01_reform_youth___base___0118,reform_youth,改革導向青年選民,,base,promoter,有太多政二代,沒差,不好,有點同意,非常不同意,具有政治家庭背景的人,不具有政治家庭背景的人,不具有政治家庭背景的人
sample_zh_teds2018_se01_reform_youth___base___0119,reform_youth,改革導向青年選民,,base,skeptical,新聞政治報導不公正,不好,好,有點同意,有點同意,具有政治家庭背景的人,不具有政治家庭背景的人,不具有政治家庭背景的人
sample_zh_teds2018_se01_reform_youth___base___0120,reform_youth,改革導向青年選民,,base,promoter,有太多政二代,不好,不好,有點同意,有點同意,不具有政治家庭背景的人,不具有政治家庭背景的人,具有政治家庭背景的人
sample_zh_teds2018_se01_reform_youth___base___0121,reform_youth,改革導向青年選民,,base,promoter,有太多政二代,不好,沒差,非常不同意,非常不同意,具有政治家庭背景的人,不具有政治家庭背景的人,不具有政治家庭背景的人
sample_zh_teds2018_se01_reform_youth___base___0122,reform_youth,改革導向青年選民,,base,promoter,有太多政二代,不好,沒差,非常不同意,非常不同意,不具有政治家庭背景的人,具有政治家庭背景的人,不具有政治家庭背景的人
sample_zh_teds2018_se01_reform_youth___base___0123,reform_youth,改革導向青年選民,,base,promoter,新聞政治報導不公正,不好,不好,有點不同意,有點同意,具有政治家庭背景的人,具有政治家庭背景的人,具有政治家庭背景的人
sample_zh_teds2018_se01_reform_youth___base___0124,reform_youth,改革導向青年選民,,base,promoter,有太多政二代,不好,沒差,非常同意,非常不同意,具有政治家庭背景的人,具有政治家庭背景的人,不具有政治家庭背景的人
sample_zh_teds2018_se01_reform_youth___base___0125,reform_youth,改革導向青年選民,,base,promoter,貪腐問題,沒差,不好,非常同意,非常不同意,具有政治家庭背景的人,具有政治家庭背景的人,不具有政治家庭背景的人
sample_zh_teds2018_se01_reform_youth___base___0126,reform_youth,改革導向青年選民,,base,mainstream,政治人物不太關心一般民眾的需求,沒差,不好,有點同意,非常同意,具有政治家庭背景的人,不具有政治家庭背景的人,不具有政治家庭背景的人
sample_zh_teds2018_se01_reform_youth___base___0127,reform_youth,改革導向青年選民,,base,promoter,新聞政治報導不公正,不好,沒差,有點同意,非常不同意,具有政治家庭背景的人,具有政治家庭背景的人,不具有政治家庭背景的人
sample_zh_teds2018_se01_reform_youth___base___0128,reform_youth,改革導向青年選民,,base,skeptical,有太多政二代,不好,不好,有點同意,有點不同意,具有政治家庭背景的人,不具有政治家庭背景的人,不具有政治家庭背景的人
sample_zh_teds2018_se01_reform_youth___base___0129,reform_youth,改革導向青年選民,,base,promoter,政治人物不太關心一般民眾的需求,不好,沒差,有點同意,非常不同意,不具有政治家庭背景的人,不具有政治家庭背景的人,具有政治家庭背景的人
sample_zh_teds2018_se01_reform_youth___base___0130,reform_youth,改革導向青年選民,,base,skeptical,有太多政二代,不好,好,非常同意,有點不同意,不具有政治家庭背景的人,不具有政治家庭背景的人,具有政治家庭背景的人
sample_zh_teds2018_se01_reform_youth___base___0131,reform_youth,改革導向青年選民,,base,promoter,有太多政二代,好,沒差,非常同意,有點不同意,不具有政治家庭背景的人,具有政治家庭背景的人,不具有政治家庭背景的人
sample_zh_teds2018_se01_reform_youth___base___0132,reform_youth,改革導向青年選民,,base,promoter,有太多政二代,不好,不好,有點不同意,有點同意,具有政治家庭背景的人,不具有政治家庭背景的人,不具有政治家庭背景的人
sample_zh_teds2018_se01_reform_youth___base___0133,reform_youth,改革導向青年選民,,base,skeptical,新聞政治報導不公正,不好,沒差,有點不同意,非常不同意,具有政治家庭背景的人,不具有政治家庭背景的人,不具有政治家庭背景的人
sample_zh_teds2018_se01_reform_youth___base___0134,reform_youth,改革導向青年選民,,base,skeptical,有太多政二代,不好,不好,非常不同意,有點同意,具有政治家庭背景的人,不具有政治家庭背景的人,不具有政治家庭背景的人
sample_zh_teds2018_se01_reform_youth___base___0135,reform_youth,改革導向青年選民,,base,skeptical,有太多政二代,不好,不好,非常不同意,有點同意,具有政治家庭背景的人,不具有政治家庭背景的人,具有政治家庭背景的人
sample_zh_teds2018_se01_reform_youth___base___0136,reform_youth,改革導向青年選民,,base,mainstream,新聞政治報導不公正,好,好,有點不同意,非常不同意,不具有政治家庭背景的人,不具有政治家庭背景的人,不具有政治家庭背景的人
sample_zh_teds2018_se01_reform_youth___base___0137,reform_youth,改革導向青年選民,,base,skeptical,有太多政二代,沒差,不好,有點不同意,有點不同意,具有政治家庭背景的人,不具有政治家庭背景的人,不具有政治家庭背景的人
sample_zh_teds2018_se01_reform_youth___base___0138,reform_youth,改革導向青年選民,,base,skeptical,貪腐問題,不好,沒差,非常不同意,非常同意,具有政治家庭背景的人,具有政治家庭背景的人,具有政治家庭背景的人
sample_zh_teds2018_se01_reform_youth___base___0139,reform_youth,改革導向青年選民,,base,skeptical,有太多政二代,沒差,不好,有點不同意,有點不同意,具有政治家庭背景的人,不具有政治家庭背景的人,不具有政治家庭背景的人
sample_zh_teds2018_se01_reform_youth___base___0140,reform_youth,改革導向青年選民,,base,promoter,政黨對立太嚴重,不好,沒差,非常同意,有點同意,不具有政治家庭背景的人,不具有政治家庭背景的人,不具有政治家庭背景的人
sample_zh_teds2018_se01_reform_youth___base___0141,reform_youth,改革導向青年選民,,base,promoter,有太多政二代,不好,沒差,非常同意,有點不同意,具有政治家庭背景的人,具有政治家庭背景的人,具有政治家庭背景的人
sample_zh_teds2018_se01_reform_youth___base___0142,reform_youth,改革導向青年選民,,base,promoter,政治人物不太關心一般民眾的需求,好,沒差,有點同意,有點同意,不具有政治家庭背景的人,具有政治家庭背景的人,具有政治家庭背景的人
sample_zh_teds2018_se01_reform_youth___base___0143,reform_youth,改革導向青年選民,,base,promoter,新聞政治報導不公正,不好,沒差,非常同意,非常不同意,具有政治家庭背景的人,具有政治家庭背景的人,具有政治家庭背景的人
sample_zh_teds2018_se01_reform_youth___base___0144,reform_youth,改革導向青年選民,,base,promoter,政黨對立太嚴重,不好,沒差,有點不同意,有點同意,不具有政治家庭背景的人,不具有政治家庭背景的人,不具有政治家庭背景的人
sample_zh_teds2018_se01_reform_youth___base___0145,reform_youth,改革導向青年選民,,base,promoter,新聞政治報導不公正,不好,沒差,有點同意,有點同意,具有政治家庭背景的人,具有政治家庭背景的人,具有政治家庭背景的人
sample_zh_teds2018_se01_reform_youth___base___0146,reform_youth,改革導向青年選民,,base,skeptical,有太多政二代,好,不好,非常不同意,非常同意,具有政治家庭背景的人,不具有政治家庭背景的人,不具有政治家庭背景的人
sample_zh_teds2018_se01_reform_youth___base___0147,reform_youth,改革導向青年選民,,base,mainstream,有太多政二代,沒差,不好,有點同意,有點不同意,具有政治家庭背景的人,不具有政治家庭背景的人,具有政治家庭背景的人
sample_zh_teds2018_se01_reform_youth___base___0148,reform_youth,改革導向青年選民,,base,skeptical,政黨對立太嚴重,不好,沒差,有點不同意,非常不同意,具有政治家庭背景的人,不具有政治家庭背景的人,不具有政治家庭背景的人
sample_zh_teds2018_se01_reform_youth___base___0149,reform_youth,改革導向青年選民,,base,mainstream,宗教團體對政治的影響力太大,不好,不好,有點同意,有點同意,不具有政治家庭背景的人,不具有政治家庭背景的人,不具有政治家庭背景的人
sample_zh_teds2018_se01_reform_youth___base___0150,reform_youth,改革導向青年選民,,base,skeptical,貪腐問題,不好,好,有點同意,非常不同意,具有政治家庭背景的人,不具有政治家庭背景的人,不具有政治家庭背景的人
sample_zh_teds2018_se01_reform_youth___base___0151,reform_youth,改革導向青年選民,,base,skeptical,政治人物不太關心一般民眾的需求,沒差,好,非常不同意,有點不同意,具有政治家庭背景的人,不具有政治家庭背景的人,不具有政治家庭背景的人
sample_zh_teds2018_se01_reform_youth___base___0152,reform_youth,改革導向青年選民,,base,skeptical,有太多政二代,不好,好,有點不同意,有點不同意,具有政治家庭背景的人,不具有政治家庭背景的人,不具有政治家庭背景的人
sample_zh_teds2018_se01_reform_youth___base___0153,reform_youth,改革導向青年選民,,base,promoter,貪腐問題,沒差,沒差,有點同意,有點同意,具有政治家庭背景的人,具有政治家庭背景的人,具有政治家庭背景的人
sample_zh_teds2018_se01_reform_youth___base___0154,reform_youth,改革導向青年選民,,base,mainstream,新聞政治報導不公正,沒差,不好,有點不同意,非常不同意,具有政治家庭背景的人,不具有政治家庭背景的人,具有政治家庭背景的人
sample_zh_teds2018_se01_reform_youth___base___0155,reform_youth,改革導向青年選民,,base,promoter,政黨對立太嚴重,不好,沒差,非常同意,非常同意,不具有政治家庭背景的人,不具有政治家庭背景的人,不具有政治家庭背景的人
sample_zh_teds2018_se01_reform_youth___base___0156,reform_youth,改革導向青年選民,,base,skeptical,政治人物不太關心一般民眾的需求,好,不好,有點同意,有點不同意,具有政治家庭背景的人,不具有政治家庭背景的人,不具有政治家庭背景的人
sample_zh_teds2018_se01_reform_youth___base___0157,reform_youth,改革導向青年選民,,base,promoter,貪腐問題,沒差,沒差,非常同意,有點同意,具有政治家庭背景的人,具有政治家庭背景的人,具有政治家庭背景的人
sample_zh_teds2018_se01_reform_youth___base___0158,reform_youth,改革導向青年選民,,base,skeptical,有太多政二代,不好,好,非常不同意,非常不同意,具有政治家庭背景的人,不具有政治家庭背景的人,不具有政治家庭背景的人
sample_zh_teds2018_se01_reform_youth___base___0159,reform_youth,改革導向青年選民,,base,skeptical,新聞政治報導不公正,好,不好,有點不同意,非常同意,具有政治家庭背景的人,不具有政治家庭背景的人,不具有政治家庭背景的人
sample_zh_teds2018_se01_reform_youth___base___0160,reform_youth,改革導向青年選民,,base,promoter,政黨對立太嚴重,不好,不好,有點同意,非常不同意,不具有政治家庭背景的人,不具有政治家庭背景的人,具有政治家庭背景的人
sample_zh_teds2018_se01_reform_youth___base___0161,reform_youth,改革導向青年選民,,base,skeptical,街頭抗議太多,不好,沒差,非常不同意,非常不同意,具有政治家庭背景的人,不具有政治家庭背景的人,具有政治家庭背景的人
sample_zh_teds2018_se01_reform_youth___base___0162,reform_youth,改革導向青年選民,,base,mainstream,有太多政二代,不好,好,有點不同意,有點不同意,不具有政治家庭背景的人,不具有政治家庭背景的人,不具有政治家庭背景的人
sample_zh_teds2018_se01_reform_youth___base___0163,reform_youth,改革導向青年選民,,base,skeptical,有太多政二代,沒差,好,有點同意,有點同意,具有政治家庭背景的人,不具有政治家庭背景的人,不具有政治家庭背景的人
sample_zh_teds2018_se01_reform_youth___base___0164,reform_youth,改革導向青年選民,,base,promoter,有太多政二代,沒差,沒差,非常同意,非常不同意,具有政治家庭背景的人,具有政治家庭背景的人,具有政治家庭背景的人
sample_zh_teds2018_se01_reform_youth___base___0165,reform_youth,改革導向青年選民,,base,skeptical,新聞政治報導不公正,沒差,不好,非常不同意,非常不同意,具有政治家庭背景的人,不具有政治家庭背景的人,不具有政治家庭背景的人
sample_zh_teds2018_se01_reform_youth___base___0166,reform_youth,改革導向青年選民,,base,skeptical,宗教團體對政治的影響力太大,不好,好,非常同意,有點不同意,具有政治家庭背景的人,不具有政治家庭背景的人,具有政治家庭背景的人
sample_zh_teds2018_se01_reform_youth___base___0167,reform_youth,改革導向青年選民,,base,skeptical,貪腐問題,不好,沒差,有點同意,有點同意,具有政治家庭背景的人,不具有政治家庭背景的人,不具有政治家庭背景的人
sample_zh_teds2018_se01_reform_youth___base___0168,reform_youth,改革導向青年選民,,base,promoter,有太多政二代,不好,不好,有點同意,有點同意,不具有政治家庭背景的人,具有政治家庭背景的人,不具有政治家庭背景的人
sample_zh_teds2018_se01_reform_youth___base___0169,reform_youth,改革導向青年選民,,base,skeptical,新聞政治報導不公正,不好,沒差,有點同意,非常同意,不具有政治家庭背景的人,不具有政治家庭背景的人,不具有政治家庭背景的人
sample_zh_teds2018_se01_reform_youth___base___0170,reform_youth,改革導向青年選民,,base,mainstream,政治人物不太關心一般民眾的需求,不好,沒差,有點不同意,有點同意,具有政治家庭背景的人,不具有政治家庭背景的人,不具有政治家庭背景的人
sample_zh_teds2018_se01_reform_youth___base___0171,reform_youth,改革導向青年選民,,base,promoter,有太多政二代,沒差,沒差,非常同意,非常不同意,具有政治家庭背景的人,不具有政治家庭背景的人,不具有政治家庭背景的人
sample_zh_teds2018_se01_reform_youth___base___0172,reform_youth,改革導向青年選民,,base,mainstream,有太多政二代,沒差,好,有點不同意,非常同意,具有政治家庭背景的人,不具有政治家庭背景的人,具有政治家庭背景的人
sample_zh_teds2018_se01_reform_youth___base___0173,reform_youth,改革導向青年選民,,base,skeptical,新聞政治報導不公正,不好,不好,有點不同意,非常不同意,具有政治家庭背景的人,不具有政治家庭背景的人,不具有政治家庭背景的人
sample_zh_teds2018_se01_reform_youth___base___0174,reform_youth,改革導向青年選民,,base,skeptical,有太多政二代,不好,不好,有點同意,非常不同意,具有政治家庭背景的人,不具有政治家庭背景的人,不具有政治家庭背景的人
sample_zh_teds2018_se01_reform_youth___base___0175,reform_youth,改革導向青年選民,,base,mainstream,政黨對立太嚴重,沒差,沒差,有點不同意,非常不同意,具有政治家庭背景的人,具有政治家庭背景的人,具有政治家庭背景的人
sample_zh_teds2018_se01_reform_youth___base___0176,reform_youth,改革導向青年選民,,base,promoter,政治人物不太關心一般民眾的需求,不好,沒差,有點同意,有點同意,不具有政治家庭背景的人,不具有政治家庭背景的人,具有政治家庭背景的人
sample_zh_teds2018_se01_reform_youth___base___0177,reform_youth,改革導向青年選民,,base,mainstream,有太多政二代,不好,不好,非常不同意,有點同意,具有政治家庭背景的人,具有政治家庭背景的人,具有政治家庭背景的人
sample_zh_teds2018_se01_reform_youth___base___0178,reform_youth,改革導向青年選民,,base,skeptical,貪腐問題,沒差,好,有點同意,有點不同意,具有政治家庭背景的人,不具有政治家庭背景的人,不具有政治家庭背景的人
sample_zh_teds2018_se01_reform_youth___base___0179,reform_youth,改革導向青年選民,,base,promoter,有太多政二代,不好,沒差,有點同意,有點不同意,具有政治家庭背景的人,不具有政治家庭背景的人,不具有政治家庭背景的人
sample_zh_teds2018_se01_reform_youth___base___0180,reform_youth,改革導向青年選民,,base,skeptical,有太多政二代,不好,好,非常不同意,有點不同意,具有政治家庭背景的人,不具有政治家庭背景的人,不具有政治家庭背景的人
sample_zh_teds2018_se01_reform_youth___base___0181,reform_youth,改革導向青年選民,,base,mainstream,有太多政二代,不好,不好,非常同意,有點不同意,具有政治家庭背景的人,不具有政治家庭背景的人,不具有政治家庭背景的人
sample_zh_teds2018_se01_reform_youth___base___0182,reform_youth,改革導向青年選民,,base,promoter,有太多政二代,沒差,不好,有點同意,非常同意,具有政治家庭背景的人,具有政治家庭背景的人,具有政治家庭背景的人
sample_zh_teds2018_se01_reform_youth___base___0183,reform_youth,改革導向青年選民,,base,promoter,有太多政二代,沒差,沒差,非常不同意,有點不同意,具有政治家庭背景的人,不具有政治家庭背景的人,具有政治家庭背景的人
sample_zh_teds2018_se01_reform_youth___base___0184,reform_youth,改革導向青年選民,,base,skeptical,有太多政二代,不好,不好,有點不同意,非常同意,具有政治家庭背景的人,不具有政治家庭背景的人,不具有政治家庭背景的人
sample_zh_teds2018_se01_reform_youth___base___0185,reform_youth,改革導向青年選民,,base,skeptical,有太多政二代,好,好,有點同意,非常同意,不具有政治家庭背景的人,不具有政治家庭背景的人,不具有政治家庭背景的人
sample_zh_teds2018_se01_reform_youth___base___0186,reform_youth,改革導向青年選民,,base,skeptical,新聞政治報導不公正,不好,沒差,有點不同意,有點不同意,不具有政治家庭背景的人,不具有政治家庭背景的人,不具有政治家庭背景的人
sample_zh_teds2018_se01_reform_youth___base___0187,reform_youth,改革導向青年選民,,base,skeptical,有太多政二代,不好,不好,有點同意,有點同意,具有政治家庭背景的人,不具有政治家庭背景的人,不具有政治家庭背景的人
sample_zh_teds2018_se01_reform_youth___base___0188,reform_youth,改革導向青年選民,,base,promoter,新聞政治報導不公正,沒差,不好,有點不同意,有點同意,不具有政治家庭背景的人,具有政治家庭背景的人,具有政治家庭背景的人
sample_zh_teds2018_se01_reform_youth___base___0189,reform_youth,改革導向青年選民,,base,promoter,有太多政二代,好,好,有點同意,非常不同意,不具有政治家庭背景的人,具有政治家庭背景的人,不具有政治家庭背景的人
sample_zh_teds2018_se01_reform_youth___base___0190,reform_youth,改革導向青年選民,,base,mainstream,政治人物不太關心一般民眾的需求,沒差,沒差,非常不同意,非常不同意,不具有政治家庭背景的人,不具有政治家庭背景的人,具有政治家庭背景的人
sample_zh_teds2018_se01_reform_youth___base___0191,reform_youth,改革導向青年選民,,base,promoter,貪腐問題,不好,沒差,有點同意,非常不同意,具有政治家庭背景的人,具有政治家庭背景的人,具有政治家庭背景的人
sample_zh_teds2018_se01_local_pragmatists___base___0000,local_pragmatists,地方務實型選民,,base,promoter,貪腐問題,好,沒差,有點同意,有點不同意,不具有政治家庭背景的人,不具有政治家庭背景的人,具有政治家庭背景的人
sample_zh_teds2018_se01_local_pragmatists___base___0001,local_pragmatists,地方務實型選民,,base,promoter,貪腐問題,不好,好,有點不同意,有點不同意,具有政治家庭背景的人,具有政治家庭背景的人,不具有政治家庭背景的人
sample_zh_teds2018_se01_local_pragmatists___base___0002,local_pragmatists,地方務實型選民,,base,skeptical,政黨對立太嚴重,好,沒差,非常同意,非常不同意,不具有政治家庭背景的人,不具有政治家庭背景的人,不具有政治家庭背景的人
sample_zh_teds2018_se01_local_pragmatists___base___0003,local_pragmatists,地方務實型選民,,base,skeptical,政治人物不太關心一般民眾的需求,沒差,不好,有點同意,有點不同意,具有政治家庭背景的人,具有政治家庭背景的人,不具有政治家庭背景的人
sample_zh_teds2018_se01_local_pragmatists___base___0004,local_pragmatists,地方務實型選民,,base,promoter,政黨對立太嚴重,沒差,沒差,有點不同意,非常同意,不具有政治家庭背景的人,具有政治家庭背景的人,具有政治家庭背景的人
sample_zh_teds2018_se01_local_pragmatists___base___0005,local_pragmatists,地方務實型選民,,base,promoter,政黨對立太嚴重,沒差,不好,非常同意,有點不同意,不具有政治家庭背景的人,具有政治家庭背景的人,具有政治家庭背景的人
sample_zh_teds2018_se01_local_pragmatists___base___0006,local_pragmatists,地方務實型選民,,base,skeptical,貪腐問題,沒差,好,非常不同意,有點同意,具有政治家庭背景的人,具有政治家庭背景的人,不具有政治家庭背景的人
sample_zh_teds2018_se01_local_pragmatists___base___0007,local_pragmatists,地方務實型選民,,base,skeptical,新聞政治報導不公正,沒差,不好,有點同意,有點同意,不具有政治家庭背景的人,不具有政治家庭背景的人,具有政治家庭背景的人
sample_zh_teds2018_se01_local_pragmatists___base___0008,local_pragmatists,地方務實型選民,,base,skeptical,政治人物不太關心一般民眾的需求,好,不好,非常不同意,有點不同意,具有政治家庭背景的人,不具有政治家庭背景的人,不具有政治家庭背景的人
sample_zh_teds2018_se01_local_pragmatists___base___0009,local_pragmatists,地方務實型選民,,base,mainstream,街頭抗議太多,沒差,不好,有點同意,非常不同意,具有政治家庭背景的人,具有政治家庭背景的人,具有政治家庭背景的人
sample_zh_teds2018_se01_local_pragmatists___base___0010,local_pragmatists,地方務實型選民,,base,promoter,新聞政治報導不公正,沒差,沒差,非常不同意,有點不同意,具有政治家庭背景的人,具有政治家庭背景的人,具有政治家庭背景的人
sample_zh_teds2018_se01_local_pragmatists___base___0011,local_pragmatists,地方務實型選民,,base,skeptical,街頭抗議太多,不好,沒差,有點不同意,有點同意,具有政治家庭背景的人,不具有政治家庭背景的人,不具有政治家庭背景的人
sample_zh_teds2018_se01_local_pragmatists___base___0012,local_pragmatists,地方務實型選民,,base,promoter,有太多政二代,好,不好,非常同意,非常不同意,具有政治家庭背景的人,不具有政治家庭背景的人,具有政治家庭背景的人
sample_zh_teds2018_se01_local_pragmatists___base___0013,local_pragmatists,地方務實型選民,,base,mainstream,有太多政二代,好,好,非常同意,有點不同意,具有政治家庭背景的人,具有政治家庭背景的人,具有政治家庭背景的人
sample_zh_teds2018_se01_local_pragmatists___base___0014,local_pragmatists,地方務實型選民,,base,skeptical,政黨對立太嚴重,好,不好,有點同意,有點同意,具有政治家庭背景的人,不具有政治家庭背景的人,具有政治家庭背景的人
sample_zh_teds2018_se01_local_pragmatists___base___0015,local_pragmatists,地方務實型選民,,base,mainstream,政治人物不太關心一般民眾的需求,不好,好,有點不同意,非常不同意,不具有政治家庭背景的人,具有政治家庭背景的人,具有政治家庭背景的人
sample_zh_teds2018_se01_local_pragmatists___base___0016,local_pragmatists,地方務實型選民,,base,promoter,新聞政治報導不公正,沒差,沒差,有點不同意,有點同意,不具有政治家庭背景的人,具有政治家庭背景的人,不具有政治家庭背景的人
sample_zh_teds2018_se01_local_pragmatists___base___0017,local_pragmatists,地方務實型選民,,base,promoter,有太多政二代,好,不好,有點同意,非常不同意,不具有政治家庭背景的人,不具有政治家庭背景的人,具有政治家庭背景的人
sample_zh_teds2018_se01_local_pragmatists___base___0018,local_pragmatists,地方務實型選民,,base,skeptical,政黨對立太嚴重,好,好,有點不同意,有點同意,具有政治家庭背景的人,不具有政治家庭背景的人,具有政治家庭背景的人
sample_zh_teds2018_se01_local_pragmatists___base___0019,local_pragmatists,地方務實型選民,,base,skeptical,街頭抗議太多,好,好,有點不同意,非常不同意,具有政治家庭背景的人,具有政治家庭背景的人,具有政治家庭背景的人
sample_zh_teds2018_se01_local_pragmatists___base___0020,local_pragmatists,地方務實型選民,,base,promoter,新聞政治報導不公正,好,好,有點不同意,有點同意,不具有政治家庭背景的人,不具有政治家庭背景的人,具有政治家庭背景的人
sample_zh_teds2018_se01_local_pragmatists___base___0021,local_pragmatists,地方務實型選民,,base,mainstream,宗教團體對政治的影響力太大,沒差,沒差,非常同意,有點不同意,不具有政治家庭背景的人,不具有政治家庭背景的人,具有政治家庭背景的人
sample_zh_teds2018_se01_local_pragmatists___base___0022,local_pragmatists,地方務實型選民,,base,skeptical,政黨對立太嚴重,沒差,好,有點同意,非常不同意,具有政治家庭背景的人,不具有政治家庭背景的人,不具有政治家庭背景的人
sample_zh_teds2018_se01_local_pragmatists___base___0023,local_pragmatists,地方務實型選民,,base,skeptical,政治人物不太關心一般民眾的需求,不好,好,有點不同意,有點不同意,具有政治家庭背景的人,不具有政治家庭背景的人,不具有政治家庭背景的人
sample_zh_teds2018_se01_local_pragmatists___base___0024,local_pragmatists,地方務實型選民,,base,promoter,有太多政二代,不好,沒差,有點同意,非常不同意,不具有政治家庭背景的人,具有政治家庭背景的人,具有政治家庭背景的人
sample_zh_teds2018_se01_local_pragmatists___base___0025,local_pragmatists,地方務實型選民,,base,mainstream,政黨對立太嚴重,不好,沒差,有點同意,非常同意,不具有政治家庭背景的人,具有政治家庭背景的人,具有政治家庭背景的人
sample_zh_teds2018_se01_local_pragmatists___base___0026,local_pragmatists,地方務實型選民,,base,promoter,貪腐問題,不好,沒差,有點不同意,有點不同意,不具有政治家庭背景的人,具有政治家庭背景的人,具有政治家庭背景的人
sample_zh_teds2018_se01_local_pragmatists___base___0027,local_pragmatists,地方務實型選民,,base,skeptical,有太多政二代,好,不好,非常不同意,非常同意,不具有政治家庭背景的人,具有政治家庭背景的人,具有政治家庭背景的人
sample_zh_teds2018_se01_local_pragmatists___base___0028,local_pragmatists,地方務實型選民,,base,mainstream,有太多政二代,好,好,非常同意,有點不同意,不具有政治家庭背景的人,具有政治家庭背景的人,不具有政治家庭背景的人
sample_zh_teds2018_se01_local_pragmatists___base___0029,local_pragmatists,地方務實型選民,,base,promoter,政黨對立太嚴重,沒差,不好,有點不同意,有點不同意,不具有政治家庭背景的人,具有政治家庭背景的人,不具有政治家庭背景的人
sample_zh_teds2018_se01_local_pragmatists___base___0030,local_pragmatists,地方務實型選民,,base,promoter,政治人物不太關心一般民眾的需求,好,沒差,有點不同意,有點同意,具有政治家庭背景的人,不具有政治家庭背景的人,具有政治家庭背景的人
sample_zh_teds2018_se01_local_pragmatists___base___0031,local_pragmatists,地方務實型選民,,base,skeptical,新聞政治報導不公正,不好,不好,有點不同意,非常不同意,具有政治家庭背景的人,具有政治家庭背景的人,具有政治家庭背景的人
sample_zh_teds2018_se01_local_pragmatists___base___0032,local_pragmatists,地方務實型選民,,base,promoter,貪腐問題,不好,不好,有點同意,有點同意,具有政治家庭背景的人,具有政治家庭背景的人,不具有政治家庭背景的人
sample_zh_teds2018_se01_local_pragmatists___base___0033,local_pragmatists,地方務實型選民,,base,mainstream,宗教團體對政治的影響力太大,好,不好,有點同意,非常同意,具有政治家庭背景的人,具有政治家庭背景的人,具有政治家庭背景的人
sample_zh_teds2018_se01_local_pragmatists___base___0034,local_pragmatists,地方務實型選民,,base,promoter,有太多政二代,沒差,沒差,有點同意,有點同意,不具有政治家庭背景的人,不具有政治家庭背景的人,不具有政治家庭背景的人
sample_zh_teds2018_se01_local_pragmatists___base___0035,local_pragmatists,地方務實型選民,,base,promoter,政治人物不太關心一般民眾的需求,沒差,沒差,有點同意,非常不同意,具有政治家庭背景的人,具有政治家庭背景的人,具有政治家庭背景的人
sample_zh_teds2018_se01_local_pragmatists___base___0036,local_pragmatists,地方務實型選民,,base,promoter,宗教團體對政治的影響力太大,不好,不好,非常同意,有點同意,不具有政治家庭背景的人,具有政治家庭背景的人,具有政治家庭背景的人
sample_zh_teds2018_se01_local_pragmatists___base___0037,local_pragmatists,地方務實型選民,,base,promoter,街頭抗議太多,好,沒差,非常同意,有點同意,具有政治家庭背景的人,具有政治家庭背景的人,具有政治家庭背景的人
sample_zh_teds2018_se01_local_pragmatists___base___0038,local_pragmatists,地方務實型選民,,base,promoter,有太多政二代,沒差,沒差,非常同意,非常不同意,具有政治家庭背景的人,具有政治家庭背景的人,具有政治家庭背景的人
sample_zh_teds2018_se01_local_pragmatists___base___0039,local_pragmatists,地方務實型選民,,base,promoter,宗教團體對政治的影響力太大,沒差,沒差,非常不同意,非常不同意,不具有政治家庭背景的人,具有政治家庭背景的人,具有政治家庭背景的人
sample_zh_teds2018_se01_local_pragmatists___base___0040,local_pragmatists,地方務實型選民,,base,skeptical,政治人物不太關心一般民眾的需求,不好,不好,有點不同意,有點不同意,具有政治家庭背景的人,具有政治家庭背景的人,不具有政治家庭背景的人
sample_zh_teds2018_se01_local_pragmatists___base___0041,local_pragmatists,地方務實型選民,,base,skeptical,新聞政治報導不公正,不好,好,非常不同意,非常不同意,具有政治家庭背景的人,具有政治家庭背景的人,不具有政治家庭背景的人
sample_zh_teds2018_se01_local_pragmatists___base___0042,local_pragmatists,地方務實型選民,,base,promoter,政黨對立太嚴重,好,好,非常不同意,有點同意,具有政治家庭背景的人,具有政治家庭背景的人,具有政治家庭背景的人
sample_zh_teds2018_se01_local_pragmatists___base___0043,local_pragmatists,地方務實型選民,,base,skeptical,有太多政二代,沒差,好,有點同意,非常不同意,具有政治家庭背景的人,不具有政治家庭背景的人,不具有政治家庭背景的人
sample_zh_teds2018_se01_local_pragmatists___base___0044,local_pragmatists,地方務實型選民,,base,skeptical,有太多政二代,好,不好,有點不同意,有點不同意,具有政治家庭背景的人,具有政治家庭背景的人,具有政治家庭背景的人
sample_zh_teds2018_se01_local_pragmatists___base___0045,local_pragmatists,地方務實型選民,,base,promoter,貪腐問題,好,沒差,非常同意,非常不同意,具有政治家庭背景的人,具有政治家庭背景的人,具有政治家庭背景的人
sample_zh_teds2018_se01_local_pragmatists___base___0046,local_pragmatists,地方務實型選民,,base,skeptical,街頭抗議太多,沒差,好,有點同意,有點同意,具有政治家庭背景的人,具有政治家庭背景的人,不具有政治家庭背景的人
sample_zh_teds2018_se01_local_pragmatists___base___0047,local_pragmatists,地方務實型選民,,base,skeptical,政治人物不太關心一般民眾的需求,好,不好,有點不同意,有點同意,具有政治家庭背景的人,不具有政治家庭背景的人,不具有政治家庭背景的人
sample_zh_teds2018_se01_local_pragmatists___base___0048,local_pragmatists,地方務實型選民,,base,promoter,政治人物不太關心一般民眾的需求,不好,沒差,有點同意,非常同意,不具有政治家庭背景的人,具有政治家庭背景的人,具有政治家庭背景的人
sample_zh_teds2018_se01_local_pragmatists___base___0049,local_pragmatists,地方務實型選民,,base,promoter,有太多政二代,好,沒差,有點不同意,非常不同意,不具有政治家庭背景的人,具有政治家庭背景的人,不具有政治家庭背景的人
sample_zh_teds2018_se01_local_pragmatists___base___0050,local_pragmatists,地方務實型選民,,base,skeptical,貪腐問題,不好,沒差,有點同意,有點同意,具有政治家庭背景的人,具有政治家庭背景的人,不具有政治家庭背景的人
sample_zh_teds2018_se01_local_pragmatists___base___0051,local_pragmatists,地方務實型選民,,base,skeptical,貪腐問題,不好,不好,非常同意,有點不同意,具有政治家庭背景的人,不具有政治家庭背景的人,不具有政治家庭背景的人
sample_zh_teds2018_se01_local_pragmatists___base___0052,local_pragmatists,地方務實型選民,,base,mainstream,有太多政二代,不好,不好,有點同意,有點同意,具有政治家庭背景的人,不具有政治家庭背景的人,不具有政治家庭背景的人
sample_zh_teds2018_se01_local_pragmatists___base___0053,local_pragmatists,地方務實型選民,,base,mainstream,政治人物不太關心一般民眾的需求,好,不好,非常同意,有點同意,具有政治家庭背景的人,不具有政治家庭背景的人,具有政治家庭背景的人
sample_zh_teds2018_se01_local_pragmatists___base___0054,local_pragmatists,地方務實型選民,,base,skeptical,貪腐問題,不好,不好,有點不同意,非常同意,具有政治家庭背景的人,不具有政治家庭背景的人,具有政治家庭背景的人
sample_zh_teds2018_se01_local_pragmatists___base___0055,local_pragmatists,地方務實型選民,,base,promoter,政治人物不太關心一般民眾的需求,不好,沒差,有點同意,非常不同意,具有政治家庭背景的人,具有政治家庭背景的人,不具有政治家庭背景的人
sample_zh_teds2018_se01_local_pragmatists___base___0056,local_pragmatists,地方務實型選民,,base,promoter,政黨對立太嚴重,好,沒差,非常同意,有點不同意,具有政治家庭背景的人,不具有政治家庭背景的人,不具有政治家庭背景的人
sample_zh_teds2018_se01_local_pragmatists___base___0057,local_pragmatists,地方務實型選民,,base,mainstream,政治人物不太關心一般民眾的需求,沒差,不好,非常不同意,有點同意,不具有政治家庭背景的人,不具有政治家庭背景的人,具有政治家庭背景的人
sample_zh_teds2018_se01_local_pragmatists___base___0058,local_pragmatists,地方務實型選民,,base,promoter,政黨對立太嚴重,沒差,沒差,有點同意,有點不同意,具有政治家庭背景的人,具有政治家庭背景的人,具有政治家庭背景的人
sample_zh_teds2018_se01_local_pragmatists___base___0059,local_pragmatists,地方務實型選民,,base,skeptical,政治人物不太關心一般民眾的需求,不好,好,非常不同意,有點同意,具有政治家庭背景的人,不具有政治家庭背景的人,不具有政治家庭背景的人
sample_zh_teds2018_se01_local_pragmatists___base___0060,local_pragmatists,地方務實型選民,,base,promoter,政黨對立太嚴重,沒差,沒差,有點同意,有點同意,不具有政治家庭背景的人,具有政治家庭背景的人,不具有政治家庭背景的人
sample_zh_teds2018_se01_local_pragmatists___base___0061,local_pragmatists,地方務實型選民,,base,mainstream,新聞政治報導不公正,好,不好,有點同意,有點不同意,具有政治家庭背景的人,具有政治家庭背景的人,具有政治家庭背景的人
sample_zh_teds2018_se01_local_pragmatists___base___0062,local_pragmatists,地方務實型選民,,base,promoter,政治人物不太關心一般民眾的需求,不好,不好,有點同意,有點不同意,不具有政治家庭背景的人,不具有政治家庭背景的人,具有政治家庭背景的人
sample_zh_teds2018_se01_local_pragmatists___base___0063,local_pragmatists,地方務實型選民,,base,skeptical,政治人物不太關心一般民眾的需求,不好,好,有點同意,有點同意,具有政治家庭背景的人,不具有政治家庭背景的人,不具有政治家庭背景的人
sample_zh_teds2018_se01_local_pragmatists___base___0064,local_pragmatists,地方務實型選民,,base,promoter,政治人物不太關心一般民眾的需求,沒差,沒差,非常不同意,有點不同意,不具有政治家庭背景的人,不具有政治家庭背景的人,具有政治家庭背景的人
sample_zh_teds2018_se01_local_pragmatists___base___0065,local_pragmatists,地方務實型選民,,base,mainstream,政黨對立太嚴重,好,沒差,非常不同意,有點同意,具有政治家庭背景的人,具有政治家庭背景的人,具有政治家庭背景的人
sample_zh_teds2018_se01_local_pragmatists___base___0066,local_pragmatists,地方務實型選民,,base,mainstream,政治人物不太關心一般民眾的需求,不好,不好,有點同意,非常同意,不具有政治家庭背景的人,具有政治家庭背景的人,具有政治家庭背景的人
sample_zh_teds2018_se01_local_pragmatists___base___0067,local_pragmatists,地方務實型選民,,base,skeptical,有太多政二代,沒差,沒差,有點不同意,有點同意,具有政治家庭背景的人,不具有政治家庭背景的人,具有政治家庭背景的人
sample_zh_teds2018_se01_local_pragmatists___base___0068,local_pragmatists,地方務實型選民,,base,promoter,政治人物不太關心一般民眾的需求,沒差,不好,非常同意,有點同意,不具有政治家庭背景的人,具有政治家庭背景的人,具有政治家庭背景的人
sample_zh_teds2018_se01_local_pragmatists___base___0069,local_pragmatists,地方務實型選民,,base,mainstream,政黨對立太嚴重,沒差,沒差,非常同意,非常同意,具有政治家庭背景的人,不具有政治家庭背景的人,具有政治家庭背景的人
sample_zh_teds2018_se01_local_pragmatists___base___0070,local_pragmatists,地方務實型選民,,base,mainstream,新聞政治報導不公正,不好,不好,非常不同意,有點不同意,不具有政治家庭背景的人,不具有政治家庭背景的人,具有政治家庭背景的人
sample_zh_teds2018_se01_local_pragmatists___base___0071,local_pragmatists,地方務實型選民,,base,mainstream,政治人物不太關心一般民眾的需求,沒差,好,有點同意,有點同意,具有政治家庭背景的人,不具有政治家庭背景的人,具有政治家庭背景的人
sample_zh_teds2018_se01_local_pragmatists___base___0072,local_pragmatists,地方務實型選民,,base,skeptical,宗教團體對政治的影響力太大,不好,沒差,非常同意,有點不同意,不具有政治家庭背景的人,不具有政治家庭背景的人,具有政治家庭背景的人
sample_zh_teds2018_se01_local_pragmatists___base___0073,local_pragmatists,地方務實型選民,,base,skeptical,貪腐問題,好,好,有點同意,有點不同意,具有政治家庭背景的人,具有政治家庭背景的人,不具有政治家庭背景的人
sample_zh_teds2018_se01_local_pragmatists___base___0074,local_pragmatists,地方務實型選民,,base,skeptical,政治人物不太關心一般民眾的需求,不好,不好,有點同意,有點同意,具有政治家庭背景的人,不具有政治家庭背景的人,不具有政治家庭背景的人
sample_zh_teds2018_se01_local_pragmatists___base___0075,local_pragmatists,地方務實型選民,,base,mainstream,政黨對立太嚴重,沒差,不好,有點同意,有點同意,具有政治家庭背景的人,具有政治家庭背景的人,具有政治家庭背景的人
sample_zh_teds2018_se01_local_pragmatists___base___0076,local_pragmatists,地方務實型選民,,base,skeptical,貪腐問題,好,不好,非常同意,有點不同意,不具有政治家庭背景的人,不具有政治家庭背景的人,不具有政治家庭背景的人
sample_zh_teds2018_se01_local_pragmatists___base___0077,local_pragmatists,地方務實型選民,,base,promoter,街頭抗議太多,不好,沒差,有點同意,有點不同意,不具有政治家庭背景的人,不具有政治家庭背景的人,具有政治家庭背景的人
sample_zh_teds2018_se01_local_pragmatists___base___0078,local_pragmatists,地方務實型選民,,base,mainstream,政治人物不太關心一般民眾的需求,好,沒差,非常同意,有點不同意,具有政治家庭背景的人,具有政治家庭背景的人,不具有政治家庭背景的人
sample_zh_teds2018_se01_local_pragmatists___base___0079,local_pragmatists,地方務實型選民,,base,promoter,政黨對立太嚴重,好,沒差,有點同意,有點同意,具有政治家庭背景的人,具有政治家庭背景的人,具有政治家庭背景的人
sample_zh_teds2018_se01_local_pragmatists___base___0080,local_pragmatists,地方務實型選民,,base,skeptical,政治人物不太關心一般民眾的需求,不好,沒差,非常不同意,有點不同意,具有政治家庭背景的人,不具有政治家庭背景的人,具有政治家庭背景的人
sample_zh_teds2018_se01_local_pragmatists___base___0081,local_pragmatists,地方務實型選民,,base,mainstream,有太多政二代,沒差,不好,非常不同意,有點同意,具有政治家庭背景的人,不具有政治家庭背景的人,具有政治家庭背景的人
sample_zh_teds2018_se01_local_pragmatists___base___0082,local_pragmatists,地方務實型選民,,base,skeptical,政治人物不太關心一般民眾的需求,不好,好,非常不同意,有點同意,具有政治家庭背景的人,具有政治家庭背景的人,不具有政治家庭背景的人
sample_zh_teds2018_se01_local_pragmatists___base___0083,local_pragmatists,地方務實型選民,,base,skeptical,貪腐問題,沒差,不好,有點同意,非常同意,具有政治家庭背景的人,具有政治家庭背景的人,具有政治家庭背景的人
sample_zh_teds2018_se01_local_pragmatists___base___0084,local_pragmatists,地方務實型選民,,base,skeptical,貪腐問題,沒差,沒差,非常不同意,有點同意,不具有政治家庭背景的人,具有政治家庭背景的人,不具有政治家庭背景的人
sample_zh_teds2018_se01_local_pragmatists___base___0085,local_pragmatists,地方務實型選民,,base,promoter,有太多政二代,不好,好,非常不同意,非常不同意,不具有政治家庭背景的人,具有政治家庭背景的人,具有政治家庭背景的人
sample_zh_teds2018_se01_local_pragmatists___base___0086,local_pragmatists,地方務實型選民,,base,skeptical,有太多政二代,沒差,不好,有點同意,非常不同意,具有政治家庭背景的人,不具有政治家庭背景的人,不具有政治家庭背景的人
sample_zh_teds2018_se01_local_pragmatists___base___0087,local_pragmatists,地方務實型選民,,base,mainstream,新聞政治報導不公正,沒差,沒差,非常同意,有點不同意,具有政治家庭背景的人,不具有政治家庭背景的人,具有政治家庭背景的人
sample_zh_teds2018_se01_local_pragmatists___base___0088,local_pragmatists,地方務實型選民,,base,promoter,貪腐問題,不好,不好,非常不同意,有點同意,不具有政治家庭背景的人,具有政治家庭背景的人,具有政治家庭背景的人
sample_zh_teds2018_se01_local_pragmatists___base___0089,local_pragmatists,地方務實型選民,,base,mainstream,貪腐問題,不好,沒差,有點不同意,有點同意,具有政治家庭背景的人,不具有政治家庭背景的人,不具有政治家庭背景的人
sample_zh_teds2018_se01_local_pragmatists___base___0090,local_pragmatists,地方務實型選民,,base,skeptical,政治人物不太關心一般民眾的需求,沒差,沒差,有點不同意,有點不同意,具有政治家庭背景的人,不具有政治家庭背景的人,不具有政治家庭背景的人
sample_zh_teds2018_se01_local_pragmatists___base___0091,local_pragmatists,地方務實型選民,,base,skeptical,政治人物不太關心一般民眾的需求,不好,好,有點同意,有點同意,具有政治家庭背景的人,具有政治家庭背景的人,具有政治家庭背景的人
sample_zh_teds2018_se01_local_pragmatists___base___0092,local_pragmatists,地方務實型選民,,base,mainstream,政治人物不太關心一般民眾的需求,沒差,不好,有點不同意,有點不同意,不具有政治家庭背景的人,具有政治家庭背景的人,不具有政治家庭背景的人
sample_zh_teds2018_se01_local_pragmatists___base___0093,local_pragmatists,地方務實型選民,,base,skeptical,有太多政二代,沒差,不好,有點不同意,有點同意,具有政治家庭背景的人,具有政治家庭背景的人,不具有政治家庭背景的人
sample_zh_teds2018_se01_local_pragmatists___base___0094,local_pragmatists,地方務實型選民,,base,promoter,貪腐問題,沒差,好,有點同意,有點不同意,具有政治家庭背景的人,具有政治家庭背景的人,具有政治家庭背景的人
sample_zh_teds2018_se01_local_pragmatists___base___0095,local_pragmatists,地方務實型選民,,base,promoter,有太多政二代,沒差,好,有點不同意,非常不同意,不具有政治家庭背景的人,具有政治家庭背景的人,具有政治家庭背景的人
sample_zh_teds2018_se01_local_pragmatists___base___0096,local_pragmatists,地方務實型選民,,base,promoter,政黨對立太嚴重,好,好,有點不同意,非常同意,不具有政治家庭背景的人,具有政治家庭背景的人,不具有政治家庭背景的人
sample_zh_teds2018_se01_local_pragmatists___base___0097,local_pragmatists,地方務實型選民,,base,promoter,政治人物不太關心一般民眾的需求,沒差,不好,有點不同意,非常同意,具有政治家庭背景的人,不具有政治家庭背景的人,具有政治家庭背景的人
sample_zh_teds2018_se01_local_pragmatists___base___0098,local_pragmatists,地方務實型選民,,base,skeptical,政治人物不太關心一般民眾的需求,沒差,不好,有點同意,非常不同意,具有政治家庭背景的人,不具有政治家庭背景的人,具有政治家庭背景的人
sample_zh_teds2018_se01_local_pragmatists___base___0099,local_pragmatists,地方務實型選民,,base,promoter,政黨對立太嚴重,好,沒差,非常同意,非常不同意,具有政治家庭背景的人,具有政治家庭背景的人,具有政治家庭背景的人
sample_zh_teds2018_se01_local_pragmatists___base___0100,local_pragmatists,地方務實型選民,,base,mainstream,貪腐問題,不好,沒差,有點同意,非常不同意,具有政治家庭背景的人,不具有政治家庭背景的人,不具有政治家庭背景的人
sample_zh_teds2018_se01_local_pragmatists___base___0101,local_pragmatists,地方務實型選民,,base,mainstream,政治人物不太關心一般民眾的需求,好,好,非常同意,有點不同意,不具有政治家庭背景的人,具有政治家庭背景的人,具有政治家庭背景的人
sample_zh_teds2018_se01_local_pragmatists___base___0102,local_pragmatists,地方務實型選民,,base,mainstream,宗教團體對政治的影響力太大,沒差,沒差,非常不同意,有點同意,具有政治家庭背景的人,不具有政治家庭背景的人,具有政治家庭背景的人
sample_zh_teds2018_se01_local_pragmatists___base___0103,local_pragmatists,地方務實型選民,,base,promoter,街頭抗議太多,不好,沒差,非常同意,非常同意,具有政治家庭背景的人,具有政治家庭背景的人,具有政治家庭背景的人
sample_zh_teds2018_se01_local_pragmatists___base___0104,local_pragmatists,地方務實型選民,,base,mainstream,政治人物不太關心一般民眾的需求,沒差,好,有點不同意,有點同意,具有政治家庭背景的人,不具有政治家庭背景的人,具有政治家庭背景的人
sample_zh_teds2018_se01_local_pragmatists___base___0105,local_pragmatists,地方務實型選民,,base,skeptical,貪腐問題,沒差,沒差,有點同意,有點不同意,具有政治家庭背景的人,不具有政治家庭背景的人,具有政治家庭背景的人
sample_zh_teds2018_se01_local_pragmatists___base___0106,local_pragmatists,地方務實型選民,,base,promoter,有太多政二代,不好,沒差,非常同意,有點同意,具有政治家庭背景的人,具有政治家庭背景的人,具有政治家庭背景的人
sample_zh_teds2018_se01_local_pragmatists___base___0107,local_pragmatists,地方務實型選民,,base,mainstream,政治人物不太關心一般民眾的需求,沒差,好,有點同意,有點同意,具有政治家庭背景的人,不具有政治家庭背景的人,具有政治家庭背景的人
sample_zh_teds2018_se01_local_pragmatists___base___0108,local_pragmatists,地方務實型選民,,base,skeptical,政治人物不太關心一般民眾的需求,好,沒差,有點不同意,非常同意,具有政治家庭背景的人,不具有政治家庭背景的人,具有政治家庭背景的人
sample_zh_teds2018_se01_local_pragmatists___base___0109,local_pragmatists,地方務實型選民,,base,skeptical,政治人物不太關心一般民眾的需求,不好,好,有點不同意,有點同意,具有政治家庭背景的人,不具有政治家庭背景的人,具有政治家庭背景的人
sample_zh_teds2018_se01_local_pragmatists___base___0110,local_pragmatists,地方務實型選民,,base,promoter,政黨對立太嚴重,沒差,不好,非常同意,非常不同意,具有政治家庭背景的人,具有政治家庭背景的人,不具有政治家庭背景的人
sample_zh_teds2018_se01_local_pragmatists___base___0111,local_pragmatists,地方務實型選民,,base,skeptical,街頭抗議太多,好,不好,有點不同意,非常同意,不具有政治家庭背景的人,具有政治家庭背景的人,不具有政治家庭背景的人
sample_zh_teds2018_se01_local_pragmatists___base___0112,local_pragmatists,地方務實型選民,,base,skeptical,貪腐問題,沒差,好,有點同意,非常不同意,具有政治家庭背景的人,不具有政治家庭背景的人,不具有政治家庭背景的人
sample_zh_teds2018_se01_local_pragmatists___base___0113,local_pragmatists,地方務實型選民,,base,mainstream,政治人物不太關心一般民眾的需求,不好,不好,有點同意,有點不同意,具有政治家庭背景的人,不具有政治家庭背景的人,具有政治家庭背景的人
sample_zh_teds2018_se01_local_pragmatists___base___0114,local_pragmatists,地方務實型選民,,base,mainstream,政治人物不太關心一般民眾的需求,沒差,不好,非常不同意,非常同意,不具有政治家庭背景的人,不具有政治家庭背景的人,不具有政治家庭背景的人
sample_zh_teds2018_se01_local_pragmatists___base___0115,local_pragmatists,地方務實型選民,,base,skeptical,貪腐問題,不好,好,非常不同意,非常不同意,具有政治家庭背景的人,不具有政治家庭背景的人,不具有政治家庭背景的人
sample_zh_teds2018_se01_local_pragmatists___base___0116,local_pragmatists,地方務實型選民,,base,promoter,有太多政二代,沒差,沒差,非常同意,非常同意,不具有政治家庭背景的人,不具有政治家庭背景的人,具有政治家庭背景的人
sample_zh_teds2018_se01_local_pragmatists___base___0117,local_pragmatists,地方務實型選民,,base,promoter,新聞政治報導不公正,不好,好,非常同意,非常不同意,不具有政治家庭背景的人,不具有政治家庭背景的人,具有政治家庭背景的人
sample_zh_teds2018_se01_local_pragmatists___base___0118,local_pragmatists,地方務實型選民,,base,skeptical,貪腐問題,好,沒差,有點不同意,有點不同意,具有政治家庭背景的人,不具有政治家庭背景的人,不具有政治家庭背景的人
sample_zh_teds2018_se01_local_pragmatists___base___0119,local_pragmatists,地方務實型選民,,base,skeptical,貪腐問題,好,好,非常不同意,有點不同意,具有政治家庭背景的人,不具有政治家庭背景的人,具有政治家庭背景的人
sample_zh_teds2018_se01_local_pragmatists___base___0120,local_pragmatists,地方務實型選民,,base,promoter,政治人物不太關心一般民眾的需求,沒差,沒差,有點不同意,有點同意,具有政治家庭背景的人,具有政治家庭背景的人,具有政治家庭背景的人
sample_zh_teds2018_se01_local_pragmatists___base___0121,local_pragmatists,地方務實型選民,,base,skeptical,政治人物不太關心一般民眾的需求,沒差,不好,有點不同意,非常不同意,不具有政治家庭背景的人,具有政治家庭背景的人,不具有政治家庭背景的人
sample_zh_teds2018_se01_local_pragmatists___base___0122,local_pragmatists,地方務實型選民,,base,skeptical,貪腐問題,沒差,好,非常不同意,有點同意,具有政治家庭背景的人,具有政治家庭背景的人,具有政治家庭背景的人
sample_zh_teds2018_se01_local_pragmatists___base___0123,local_pragmatists,地方務實型選民,,base,promoter,政治人物不太關心一般民眾的需求,沒差,不好,非常同意,非常同意,具有政治家庭背景的人,具有政治家庭背景的人,具有政治家庭背景的人
sample_zh_teds2018_se01_local_pragmatists___base___0124,local_pragmatists,地方務實型選民,,base,skeptical,政治人物不太關心一般民眾的需求,好,不好,非常同意,有點同意,具有政治家庭背景的人,不具有政治家庭背景的人,不具有政治家庭背景的人
sample_zh_teds2018_se01_local_pragmatists___base___0125,local_pragmatists,地方務實型選民,,base,promoter,新聞政治報導不公正,好,沒差,非常同意,非常不同意,不具有政治家庭背景的人,具有政治家庭背景的人,具有政治家庭背景的人
sample_zh_teds2018_se01_local_pragmatists___base___0126,local_pragmatists,地方務實型選民,,base,promoter,政黨對立太嚴重,不好,不好,有點不同意,非常不同意,不具有政治家庭背景的人,具有政治家庭背景的人,具有政治家庭背景的人
sample_zh_teds2018_se01_local_pragmatists___base___0127,local_pragmatists,地方務實型選民,,base,promoter,政治人物不太關心一般民眾的需求,不好,沒差,有點同意,有點同意,不具有政治家庭背景的人,具有政治家庭背景的人,不具有政治家庭背景的人
sample_zh_teds2018_se01_local_pragmatists___base___0128,local_pragmatists,地方務實型選民,,base,mainstream,政治人物不太關心一般民眾的需求,好,好,有點不同意,有點同意,不具有政治家庭背景的人,不具有政治家庭背景的人,具有政治家庭背景的人
sample_zh_teds2018_se01_local_pragmatists___base___0129,local_pragmatists,地方務實型選民,,base,skeptical,街頭抗議太多,好,好,有點不同意,有點同意,具有政治家庭背景的人,不具有政治家庭背景的人,具有政治家庭背景的人
sample_zh_teds2018_se01_local_pragmatists___base___0130,local_pragmatists,地方務實型選民,,base,skeptical,政治人物不太關心一般民眾的需求,不好,不好,有點不同意,非常不同意,具有政治家庭背景的人,具有政治家庭背景的人,具有政治家庭背景的人
sample_zh_teds2018_se01_local_pragmatists___base___0131,local_pragmatists,地方務實型選民,,base,promoter,政治人物不太關心一般民眾的需求,不好,不好,非常同意,有點不同意,不具有政治家庭背景的人,具有政治家庭背景的人,具有政治家庭背景的人
sample_zh_teds2018_se01_local_pragmatists___base___0132,local_pragmatists,地方務實型選民,,base,mainstream,政黨對立太嚴重,沒差,不好,非常同意,有點同意,具有政治家庭背景的人,具有政治家庭背景的人,具有政治家庭背景的人
sample_zh_teds2018_se01_local_pragmatists___base___0133,local_pragmatists,地方務實型選民,,base,skeptical,新聞政治報導不公正,不好,好,非常不同意,有點同意,具有政治家庭背景的人,不具有政治家庭背景的人,不具有政治家庭背景的人
sample_zh_teds2018_se01_local_pragmatists___base___0134,local_pragmatists,地方務實型選民,,base,promoter,宗教團體對政治的影響力太大,沒差,好,非常同意,有點同意,不具有政治家庭背景的人,不具有政治家庭背景的人,具有政治家庭背景的人
sample_zh_teds2018_se01_local_pragmatists___base___0135,local_pragmatists,地方務實型選民,,base,skeptical,有太多政二代,不好,好,有點同意,非常不同意,具有政治家庭背景的人,具有政治家庭背景的人,具有政治家庭背景的人
sample_zh_teds2018_se01_local_pragmatists___base___0136,local_pragmatists,地方務實型選民,,base,skeptical,有太多政二代,好,不好,有點不同意,有點同意,具有政治家庭背景的人,不具有政治家庭背景的人,不具有政治家庭背景的人
sample_zh_teds2018_se01_local_pragmatists___base___0137,local_pragmatists,地方務實型選民,,base,skeptical,有太多政二代,不好,好,非常同意,有點不同意,具有政治家庭背景的人,不具有政治家庭背景的人,不具有政治家庭背景的人
sample_zh_teds2018_se01_local_pragmatists___base___0138,local_pragmatists,地方務實型選民,,base,promoter,街頭抗議太多,沒差,好,非常同意,非常同意,不具有政治家庭背景的人,具有政治家庭背景的人,具有政治家庭背景的人
sample_zh_teds2018_se01_local_pragmatists___base___0139,local_pragmatists,地方務實型選民,,base,promoter,政治人物不太關心一般民眾的需求,好,不好,非常不同意,有點不同意,不具有政治家庭背景的人,不具有政治家庭背景的人,具有政治家庭背景的人
sample_zh_teds2018_se01_local_pragmatists___base___0140,local_pragmatists,地方務實型選民,,base,skeptical,政黨對立太嚴重,不好,好,非常同意,有點不同意,具有政治家庭背景的人,具有政治家庭背景的人,具有政治家庭背景的人
sample_zh_teds2018_se01_local_pragmatists___base___0141,local_pragmatists,地方務實型選民,,base,promoter,政黨對立太嚴重,不好,沒差,有點不同意,有點同意,具有政治家庭背景的人,具有政治家庭背景的人,具有政治家庭背景的人
sample_zh_teds2018_se01_local_pragmatists___base___0142,local_pragmatists,地方務實型選民,,base,skeptical,貪腐問題,沒差,不好,非常不同意,非常不同意,具有政治家庭背景的人,不具有政治家庭背景的人,不具有政治家庭背景的人
sample_zh_teds2018_se01_local_pragmatists___base___0143,local_pragmatists,地方務實型選民,,base,promoter,有太多政二代,沒差,沒差,有點不同意,有點不同意,不具有政治家庭背景的人,具有政治家庭背景的人,具有政治家庭背景的人
sample_zh_teds2018_se01_local_pragmatists___base___0144,local_pragmatists,地方務實型選民,,base,promoter,貪腐問題,好,不好,非常同意,非常不同意,不具有政治家庭背景的人,具有政治家庭背景的人,具有政治家庭背景的人
sample_zh_teds2018_se01_local_pragmatists___base___0145,local_pragmatists,地方務實型選民,,base,mainstream,政黨對立太嚴重,不好,沒差,有點不同意,有點同意,不具有政治家庭背景的人,不具有政治家庭背景的人,具有政治家庭背景的人
sample_zh_teds2018_se01_local_pragmatists___base___0146,local_pragmatists,地方務實型選民,,base,skeptical,政黨對立太嚴重,不好,好,非常不同意,有點同意,不具有政治家庭背景的人,具有政治家庭背景的人,不具有政治家庭背景的人
sample_zh_teds2018_se01_local_pragmatists___base___0147,local_pragmatists,地方務實型選民,,base,skeptical,政治人物不太關心一般民眾的需求,沒差,不好,非常不同意,有點同意,具有政治家庭背景的人,不具有政治家庭背景的人,不具有政治家庭背景的人
sample_zh_teds2018_se01_local_pragmatists___base___0148,local_pragmatists,地方務實型選民,,base,skeptical,政治人物不太關心一般民眾的需求,不好,好,有點同意,非常不同意,具有政治家庭背景的人,具有政治家庭背景的人,具有政治家庭背景的人
sample_zh_teds2018_se01_local_pragmatists___base___0149,local_pragmatists,地方務實型選民,,base,promoter,宗教團體對政治的影響力太大,好,沒差,非常同意,有點不同意,不具有政治家庭背景的人,具有政治家庭背景的人,具有政治家庭背景的人
sample_zh_teds2018_se01_local_pragmatists___base___0150,local_pragmatists,地方務實型選民,,base,mainstream,政黨對立太嚴重,沒差,沒差,有點同意,有點同意,不具有政治家庭背景的人,具有政治家庭背景的人,具有政治家庭背景的人
sample_zh_teds2018_se01_local_pragmatists___base___0151,local_pragmatists,地方務實型選民,,base,mainstream,新聞政治報導不公正,好,不好,有點不同意,非常不同意,具有政治家庭背景的人,具有政治家庭背景的人,不具有政治家庭背景的人
sample_zh_teds2018_se01_local_pragmatists___base___0152,local_pragmatists,地方務實型選民,,base,promoter,宗教團體對政治的影響力太大,不好,沒差,有點同意,有點不同意,具有政治家庭背景的人,具有政治家庭背景的人,不具有政治家庭背景的人
sample_zh_teds2018_se01_local_pragmatists___base___0153,local_pragmatists,地方務實型選民,,base,skeptical,政黨對立太嚴重,好,沒差,有點不同意,有點同意,具有政治家庭背景的人,具有政治家庭背景的人,不具有政治家庭背景的人
sample_zh_teds2018_se01_local_pragmatists___base___0154,local_pragmatists,地方務實型選民,,base,skeptical,新聞政治報導不公正,好,沒差,有點不同意,有點同意,具有政治家庭背景的人,不具有政治家庭背景的人,不具有政治家庭背景的人
sample_zh_teds2018_se01_local_pragmatists___base___0155,local_pragmatists,地方務實型選民,,base,mainstream,政黨對立太嚴重,沒差,不好,有點不同意,有點同意,不具有政治家庭背景的人,不具有政治家庭背景的人,不具有政治家庭背景的人
sample_zh_teds2018_se01_local_pragmatists___base___0156,local_pragmatists,地方務實型選民,,base,skeptical,貪腐問題,好,不好,有點不同意,非常不同意,不具有政治家庭背景的人,不具有政治家庭背景的人,具有政治家庭背景的人
sample_zh_teds2018_se01_local_pragmatists___base___0157,local_pragmatists,地方務實型選民,,base,skeptical,宗教團體對政治的影響力太大,好,沒差,有點不同意,有點同意,具有政治家庭背景的人,不具有政治家庭背景的人,不具有政治家庭背景的人
sample_zh_teds2018_se01_local_pragmatists___base___0158,local_pragmatists,地方務實型選民,,base,mainstream,政黨對立太嚴重,沒差,不好,非常同意,有點同意,不具有政治家庭背景的人,不具有政治家庭背景的人,不具有政治家庭背景的人
sample_zh_teds2018_se01_local_pragmatists___base___0159,local_pragmatists,地方務實型選民,,base,skeptical,政治人物不太關心一般民眾的需求,不好,沒差,有點不同意,非常同意,具有政治家庭背景的人,不具有政治家庭背景的人,不具有政治家庭背景的人
sample_zh_teds2018_se01_local_pragmatists___base___0160,local_pragmatists,地方務實型選民,,base,mainstream,政治人物不太關心一般民眾的需求,沒差,不好,非常不同意,非常不同意,具有政治家庭背景的人,具有政治家庭背景的人,不具有政治家庭背景的人
sample_zh_teds2018_se01_local_pragmatists___base___0161,local_pragmatists,地方務實型選民,,base,skeptical,貪腐問題,好,好,非常同意,有點同意,不具有政治家庭背景的人,具有政治家庭背景的人,具有政治家庭背景的人
sample_zh_teds2018_se01_local_pragmatists___base___0162,local_pragmatists,地方務實型選民,,base,mainstream,政黨對立太嚴重,好,沒差,非常同意,有點同意,具有政治家庭背景的人,具有政治家庭背景的人,具有政治家庭背景的人
sample_zh_teds2018_se01_local_pragmatists___base___0163,local_pragmatists,地方務實型選民,,base,skeptical,政黨對立太嚴重,不好,不好,有點同意,有點同意,不具有政治家庭背景的人,具有政治家庭背景的人,不具有政治家庭背景的人
sample_zh_teds2018_se01_local_pragmatists___base___0164,local_pragmatists,地方務實型選民,,base,skeptical,有太多政二代,沒差,好,有點同意,非常不同意,具有政治家庭背景的人,不具有政治家庭背景的人,具有政治家庭背景的人
sample_zh_teds2018_se01_local_pragmatists___base___0165,local_pragmatists,地方務實型選民,,base,promoter,政治人物不太關心一般民眾的需求,沒差,好,非常同意,有點同意,不具有政治家庭背景的人,具有政治家庭背景的人,不具有政治家庭背景的人
sample_zh_teds2018_se01_local_pragmatists___base___0166,local_pragmatists,地方務實型選民,,base,skeptical,有太多政二代,沒差,好,有點同意,有點不同意,不具有政治家庭背景的人,具有政治家庭背景的人,具有政治家庭背景的人
sample_zh_teds2018_se01_local_pragmatists___base___0167,local_pragmatists,地方務實型選民,,base,skeptical,有太多政二代,好,好,有點不同意,有點不同意,不具有政治家庭背景的人,具有政治家庭背景的人,具有政治家庭背景的人
sample_zh_teds2018_se01_local_pragmatists___base___0168,local_pragmatists,地方務實型選民,,base,promoter,政治人物不太關心一般民眾的需求,沒差,不好,有點同意,有點同意,不具有政治家庭背景的人,不具有政治家庭背景的人,具有政治家庭背景的人
sample_zh_teds2018_se01_local_pragmatists___base___0169,local_pragmatists,地方務實型選民,,base,promoter,政黨對立太嚴重,沒差,不好,有點同意,有點同意,不具有政治家庭背景的人,具有政治家庭背景的人,不具有政治家庭背景的人
sample_zh_teds2018_se01_local_pragmatists___base___0170,local_pragmatists,地方務實型選民,,base,skeptical,政治人物不太關心一般民眾的需求,好,沒差,有點不同意,有點不同意,具有政治家庭背景的人,具有政治家庭背景的人,不具有政治家庭背景的人
sample_zh_teds2018_se01_local_pragmatists___base___0171,local_pragmatists,地方務實型選民,,base,promoter,有太多政二代,不好,好,非常同意,非常不同意,具有政治家庭背景的人,具有政治家庭背景的人,具有政治家庭背景的人
sample_zh_teds2018_se01_local_pragmatists___base___0172,local_pragmatists,地方務實型選民,,base,promoter,政黨對立太嚴重,不好,不好,有點不同意,非常不同意,具有政治家庭背景的人,具有政治家庭背景的人,具有政治家庭背景的人
sample_zh_teds2018_se01_local_pragmatists___base___0173,local_pragmatists,地方務實型選民,,base,mainstream,政治人物不太關心一般民眾的需求,好,沒差,非常同意,有點同意,具有政治家庭背景的人,具有政治家庭背景的人,具有政治家庭背景的人
sample_zh_teds2018_se01_local_pragmatists___base___0174,local_pragmatists,地方務實型選民,,base,promoter,貪腐問題,不好,沒差,有點不同意,有點不同意,不具有政治家庭背景的人,不具有政治家庭背景的人,具有政治家庭背景的人
sample_zh_teds2018_se01_local_pragmatists___base___0175,local_pragmatists,地方務實型選民,,base,mainstream,政治人物不太關心一般民眾的需求,沒差,好,有點不同意,有點不同意,具有政治家庭背景的人,具有政治家庭背景的人,具有政治家庭背景的人
sample_zh_teds2018_se01_local_pragmatists___base___0176,local_pragmatists,地方務實型選民,,base,skeptical,新聞政治報導不公正,好,不好,非常不同意,有點同意,不具有政治家庭背景的人,具有政治家庭背景的人,具有政治家庭背景的人
sample_zh_teds2018_se01_local_pragmatists___base___0177,local_pragmatists,地方務實型選民,,base,promoter,有太多政二代,沒差,不好,有點同意,有點同意,具有政治家庭背景的人,具有政治家庭背景的人,具有政治家庭背景的人
sample_zh_teds2018_se01_local_pragmatists___base___0178,local_pragmatists,地方務實型選民,,base,skeptical,貪腐問題,沒差,沒差,非常同意,有點同意,不具有政治家庭背景的人,不具有政治家庭背景的人,不具有政治家庭背景的人
sample_zh_teds2018_se01_local_pragmatists___base___0179,local_pragmatists,地方務實型選民,,base,skeptical,有太多政二代,不好,不好,有點同意,有點不同意,不具有政治家庭背景的人,不具有政治家庭背景的人,不具有政治家庭背景的人
sample_zh_teds2018_se01_local_pragmatists___base___0180,local_pragmatists,地方務實型選民,,base,promoter,宗教團體對政治的影響力太大,沒差,沒差,有點同意,有點不同意,具有政治家庭背景的人,不具有政治家庭背景的人,具有政治家庭背景的人
sample_zh_teds2018_se01_local_pragmatists___base___0181,local_pragmatists,地方務實型選民,,base,skeptical,有太多政二代,好,好,有點同意,有點同意,具有政治家庭背景的人,不具有政治家庭背景的人,具有政治家庭背景的人
sample_zh_teds2018_se01_local_pragmatists___base___0182,local_pragmatists,地方務實型選民,,base,skeptical,政治人物不太關心一般民眾的需求,好,不好,有點不同意,有點同意,具有政治家庭背景的人,具有政治家庭背景的人,具有政治家庭背景的人
sample_zh_teds2018_se01_local_pragmatists___base___0183,local_pragmatists,地方務實型選民,,base,promoter,政治人物不太關心一般民眾的需求,沒差,不好,非常不同意,非常不同意,具有政治家庭背景的人,不具有政治家庭背景的人,具有政治家庭背景的人
sample_zh_teds2018_se01_local_pragmatists___base___0184,local_pragmatists,地方務實型選民,,base,promoter,貪腐問題,沒差,沒差,有點同意,有點同意,不具有政治家庭背景的人,具有政治家庭背景的人,具有政治家庭背景的人
sample_zh_teds2018_se01_local_pragmatists___base___0185,local_pragmatists,地方務實型選民,,base,promoter,政黨對立太嚴重,好,沒差,非常同意,非常不同意,不具有政治家庭背景的人,不具有政治家庭背景的人,不具有政治家庭背景的人
sample_zh_teds2018_se01_local_pragmatists___base___0186,local_pragmatists,地方務實型選民,,base,promoter,貪腐問題,不好,不好,非常不同意,非常不同意,不具有政治家庭背景的人,具有政治家庭背景的人,具有政治家庭背景的人
sample_zh_teds2018_se01_local_pragmatists___base___0187,local_pragmatists,地方務實型選民,,base,skeptical,政治人物不太關心一般民眾的需求,好,好,有點不同意,有點不同意,具有政治家庭背景的人,具有政治家庭背景的人,不具有政治家庭背景的人
sample_zh_teds2018_se01_local_pragmatists___base___0188,local_pragmatists,地方務實型選民,,base,skeptical,宗教團體對政治的影響力太大,不好,好,有點不同意,非常不同意,具有政治家庭背景的人,不具有政治家庭背景的人,具有政治家庭背景的人
sample_zh_teds2018_se01_local_pragmatists___base___0189,local_pragmatists,地方務實型選民,,base,promoter,政黨對立太嚴重,沒差,沒差,有點同意,非常不同意,不具有政治家庭背景的人,具有政治家庭背景的人,具有政治家庭背景的人
sample_zh_teds2018_se01_local_pragmatists___base___0190,local_pragmatists,地方務實型選民,,base,promoter,貪腐問題,不好,沒差,有點不同意,有點不同意,具有政治家庭背景的人,具有政治家庭背景的人,具有政治家庭背景的人
sample_zh_teds2018_se01_local_pragmatists___base___0191,local_pragmatists,地方務實型選民,,base,promoter,政治人物不太關心一般民眾的需求,沒差,沒差,有點同意,有點同意,不具有政治家庭背景的人,具有政治家庭背景的人,具有政治家庭背景的人
sample_zh_teds2018_se01_local_pragmatists___base___0192,local_pragmatists,地方務實型選民,,base,skeptical,政治人物不太關心一般民眾的需求,不好,好,有點不同意,有點同意,具有政治家庭背景的人,具有政治家庭背景的人,不具有政治家庭背景的人
sample_zh_teds2018_se01_local_pragmatists___base___0193,local_pragmatists,地方務實型選民,,base,mainstream,政治人物不太關心一般民眾的需求,不好,好,有點同意,有點不同意,不具有政治家庭背景的人,具有政治家庭背景的人,具有政治家庭背景的人
sample_zh_teds2018_se01_local_pragmatists___base___0194,local_pragmatists,地方務實型選民,,base,promoter,有太多政二代,不好,好,非常不同意,非常不同意,不具有政治家庭背景的人,具有政治家庭背景的人,具有政治家庭背景的人
sample_zh_teds2018_se01_local_pragmatists___base___0195,local_pragmatists,地方務實型選民,,base,skeptical,有太多政二代,不好,沒差,有點同意,有點同意,不具有政治家庭背景的人,具有政治家庭背景的人,不具有政治家庭背景的人
sample_zh_teds2018_se01_local_pragmatists___base___0196,local_pragmatists,地方務實型選民,,base,skeptical,政治人物不太關心一般民眾的需求,好,不好,有點不同意,有點同意,不具有政治家庭背景的人,不具有政治家庭背景的人,具有政治家庭背景的人
sample_zh_teds2018_se01_local_pragmatists___base___0197,local_pragmatists,地方務實型選民,,base,mainstream,政治人物不太關心一般民眾的需求,好,沒差,有點同意,有點同意,具有政治家庭背景的人,不具有政治家庭背景的人,不具有政治家庭背景的人
sample_zh_teds2018_se01_local_pragmatists___base___0198,local_pragmatists,地方務實型選民,,base,skeptical,政黨對立太嚴重,不好,不好,有點同意,有點不同意,具有政治家庭背景的人,具有政治家庭背景的人,不具有政治家庭背景的人
sample_zh_teds2018_se01_local_pragmatists___base___0199,local_pragmatists,地方務實型選民,,base,mainstream,有太多政二代,好,沒差,有點不同意,非常同意,具有政治家庭背景的人,不具有政治家庭背景的人,具有政治家庭背景的人
sample_zh_teds2018_se01_local_pragmatists___base___0200,local_pragmatists,地方務實型選民,,base,skeptical,政黨對立太嚴重,不好,不好,有點不同意,非常不同意,具有政治家庭背景的人,具有政治家庭背景的人,具有政治家庭背景的人
sample_zh_teds2018_se01_local_pragmatists___base___0201,local_pragmatists,地方務實型選民,,base,skeptical,政治人物不太關心一般民眾的需求,好,好,有點不同意,有點同意,具有政治家庭背景的人,不具有政治家庭背景的人,具有政治家庭背景的人
sample_zh_teds2018_se01_local_pragmatists___base___0202,local_pragmatists,地方務實型選民,,base,promoter,政治人物不太關心一般民眾的需求,不好,沒差,非常同意,有點同意,具有政治家庭背景的人,具有政治家庭背景的人,不具有政治家庭背景的人
sample_zh_teds2018_se01_local_pragmatists___base___0203,local_pragmatists,地方務實型選民,,base,skeptical,新聞政治報導不公正,不好,好,有點同意,有點不同意,具有政治家庭背景的人,具有政治家庭背景的人,具有政治家庭背景的人
sample_zh_teds2018_se01_local_pragmatists___base___0204,local_pragmatists,地方務實型選民,,base,promoter,政治人物不太關心一般民眾的需求,沒差,好,有點同意,非常不同意,具有政治家庭背景的人,具有政治家庭背景的人,具有政治家庭背景的人
sample_zh_teds2018_se01_local_pragmatists___base___0205,local_pragmatists,地方務實型選民,,base,promoter,貪腐問題,好,不好,有點同意,非常不同意,具有政治家庭背景的人,具有政治家庭背景的人,具有政治家庭背景的人
sample_zh_teds2018_se01_local_pragmatists___base___0206,local_pragmatists,地方務實型選民,,base,mainstream,政黨對立太嚴重,沒差,不好,非常不同意,有點不同意,具有政治家庭背景的人,具有政治家庭背景的人,具有政治家庭背景的人
sample_zh_teds2018_se01_local_pragmatists___base___0207,local_pragmatists,地方務實型選民,,base,mainstream,政治人物不太關心一般民眾的需求,沒差,不好,有點同意,有點不同意,具有政治家庭背景的人,具有政治家庭背景的人,具有政治家庭背景的人
